Vital House Number,Vital Street Name,Block,Lot,Condemnation Legislation,Most Recent Inspection,Latitude,Longitude
58, CRAWFORD ST.,114,97,no,07-16-2013,40.72882859,-74.18102402
84, WEST KINNEY STREET,114.01,47,yes,09-24-2013,40.72980152,-74.18029099
451, WASHINGTON ST.,115,17,yes,09-24-2013,40.72941152,-74.17946286
11, GOBLE ST.,1164,4,no,09-20-2013,40.72131876,-74.17310659
35, GOBLE ST.,1166,8,yes,09-20-2013,40.7202512,-74.17360533
493, WASHINGTON ST.,121,41,yes,09-24-2013,40.72805862,-74.18013483
499, WASHINGTON ST.,121,46,no,09-24-2013,40.72786518,-74.1802143
517, WASHINGTON ST.,122,41,no,03-24-2014,40.72720747,-74.18046296
519, WASHINGTON ST.,122,42,no,09-24-2013,40.72713903,-74.1804872
191-193, LITTLETON AVE.,1778,11,no,03-17-2014,40.7407017,-74.1958209
201, LITTLETON AVE.,1778,16,no,12-11-2013,40.74041101,-74.19594818
187-189, LITTLETON AVE.,1778,9,no,03-10-2014,40.74083296,-74.19575639
224-226, SOUTH SEVENTH ST.,1779,63,no,09-20-2013,40.74114852,-74.1969819
309, SOUTH ORANGE AVE.,1779,39,no,10-01-2013,40.73967451,-74.19757634
228, SOUTH SEVENTH ST.,1779,61,no,03-26-2014,40.74105607,-74.19704134
332-334, THIRTEENTH AVE,1779,5,no,08-30-2013,40.7415541,-74.19649877
284-286, SOUTH EIGHTH ST.,1780,46,yes,03-24-2014,40.74037447,-74.19837209
231, SOUTH SEVENTH ST.,1780,18,no,03-26-2014,40.74110129,-74.19762644
255, SOUTH SEVENTH ST.,1780,30,no,09-13-2013,40.74033013,-74.198008
350, THIRTEENTH AVE.,1780,5,no,08-30-2013,40.74181262,-74.19742072
319, SOUTH ORANGE AVE.,1780,36,no,10-01-2013,40.73983851,-74.19821693
329, SOUTH ORANGE AVE.,1780,41,no,10-01-2013,40.7399231,-74.19865006
348, THIRTEENTH AVE.,1780,6,no,03-04-2014,40.74178894,-74.19733632
280, SOUTH NINTH ST.,1781,66,yes,03-14-2014,40.74183069,-74.19865552
253, SOUTH EIGHTH STREET,1781,14,yes,03-14-2014,40.74154119,-74.19841311
370-374, THIRTEENTH AVE.,1781,4,no,,40.74222074,-74.19849236
270, SOUTH NINTH ST.,1781,3,no,09-30-2013,40.74215455,-74.19852832
265-267, SOUTH EIGHTH ST,1781,21,no,09-23-2013,40.74110666,-74.1986278
269, SOUTH EIGHTH ST,1781,22,no,09-23-2013,40.7410109,-74.19867503
340-342, SOUTH TENTH ST.,1782,50,yes,09-16-2013,40.7410748,-74.20003428
348-350, SOUTH TENTH ST.,1782,46,yes,09-06-2013,40.74082435,-74.20015812
283, SOUTH NINTH ST.,1782,13,yes,11-06-2013,40.74186011,-74.19925913
356, SOUTH ELEVENTH ST,1783,61,yes,09-17-2013,40.74189534,-74.20063185
360-364, SOUTH ELEVENTH ST,1783,57,no,09-17-2013,40.74170018,-74.20072027
406, THIRTEENTH AVE,1783,1,no,03-17-2014,40.74266679,-74.20039585
378-380, SOUTH ELEVENTH ST,1783,49,no,09-17-2013,40.74115206,-74.20099878
369, SOUTH ELEVENTH ST,1784,24,yes,09-17-2013,40.74165366,-74.20136776
345, SOUTH ELEVENTH ST.,1784,13,yes,09-18-2013,40.74238671,-74.20100669
361, SOUTH ELEVENTH ST,1784,20,yes,09-18-2013,40.74188516,-74.20125375
373, SOUTH ELEVENTH ST.,1784,26,yes,09-11-2013,40.74149935,-74.20144377
375, SOUTH ELEVENTH ST,1784,28,yes,09-11-2013,40.7414222,-74.20148178
339-341, SOUTH ELEVENTH ST,1784,10,yes,09-11-2013,40.74254101,-74.20093065
338, SOUTH TWELFTH ST,1784,63,yes,03-12-2014,40.7424678,-74.20135205
348, SOUTH TWELFTH ST,1784,58,yes,03-12-2014,40.74214229,-74.20151239
350-352, SOUTH TWELFTH ST,1784,57,yes,03-12-2014,40.74205428,-74.20155574
354, SOUTH TWELFTH ST,1784,55,yes,09-12-2013,40.74194262,-74.20161073
376, SOUTH TWELFTH ST,1784,44,yes,03-12-2014,40.74124691,-74.20199863
371, SOUTH ELEVENTH ST,1784,25,no,09-11-2013,40.7415765,-74.20140577
379-381, SOUTH ELEVENTH ST,1784,30,no,09-17-2013,40.74124228,-74.20157036
383-387, SOUTH ELEVENTH ST,1784,32,no,09-17-2013,40.7410965,-74.20167536
355, SOUTH ELEVENTH ST,1784,18,no,11-01-2013,40.74203949,-74.20117774
356, SOUTH TWELFTH ST,1784,69,no,01-27-2014,40.74185462,-74.20165407
19, FERDINAND ST,1789.01,15,no,05-01-2014,40.74501589,-74.20946879
367-369, SOUTH TWENTIETH,1789.01,8,no,09-19-2013,40.74468934,-74.20877865
312, GROVE ST,1790,29,no,09-04-2013,40.74629801,-74.20896914
569-571, THIRTEENTH AVE.,1790.01,1,no,08-30-2013,40.74554171,-74.20870687
322-324, GROVE ST,1790.01,11,no,03-06-2014,40.74596056,-74.20919409
503, SOUTH ORANGE AVENUE,1791,24,no,10-01-2013,40.74326432,-74.20744938
375-377, SOUTH NINETEENTH,1792,11,no,,40.74421023,-74.20812511
363, SOUTH NINETEENTH ST,1792,5,no,,40.74463046,-74.20791757
355-357, SOUTH NINETEENTH,1792,1,no,,40.74485807,-74.20780488
363, SOUTH NINETEENTH ST,1792,5,no,02-07-2014,40.74463046,-74.20791757
355-357, SOUTH NINETEENTH,1792,1,no,02-07-2014,40.74485807,-74.20780488
295, SOUTH EIGHTEENTH ST,1793,3,yes,05-13-2014,40.74658907,-74.20594897
297-299, SOUTH EIGHTEENTH,1793,5,yes,05-13-2014,40.746512,-74.20598711
301, SOUTH EIGHTEENTH ST,1793,6,yes,05-13-2014,40.74643493,-74.20602526
527, THIRTEENTH AVE,1793,27,yes,08-30-2013,40.74489215,-74.2066447
293, SOUTH EIGHTEENTH ST,1793,2,no,10-01-2013,40.74666616,-74.20591084
324, SOUTH NINETEENTH ST,1793,43,no,,40.74574129,-74.20675306
318, SOUTH NINETEENTH ST,1793,46,no,,40.745934,-74.20665777
327, SOUTH NINETEENTH ST,1794,20,no,09-19-2013,40.74579692,-74.20734197
340, SOUTH TWENTIETH ST,1794,35,no,09-19-2013,40.74547866,-74.20788491
547, THIRTEENTH AVE,1794,29,no,10-21-2013,40.74523344,-74.20766864
549-551, THIRTEENTH AVE,1794,30,no,10-21-2013,40.74526817,-74.2077899
327, SOUTH NINETEENTH ST,1794,20,no,,40.74579692,-74.20734197
291-293, SOUTH NINETEENTH,1794,2,no,,40.74689152,-74.20680101
327, SOUTH NINETEENTH ST,1794,20,no,02-07-2014,40.74579692,-74.20734197
323, SOUTH NINETEENTH ST,1794,17,no,02-07-2014,40.74594081,-74.20727086
346, SOUTH TWENTIETH ST,1794,34,no,02-10-2014,40.74529086,-74.20807409
285, SOUTH ELEVENTH ST,1795,13,yes,09-17-2013,40.74446374,-74.19997993
275, SOUTH ELEVENTH ST,1795,8,no,09-11-2013,40.74480796,-74.19980972
271-273, SOUTH ELEVENTH ST,1795,7,no,09-17-2013,40.74487701,-74.19976209
415, THIRTEENTH AVE,1795,35,no,08-30-2013,40.74324756,-74.20082838
283, SOUTH ELEVENTH ST,1795,12,no,09-17-2013,40.74452796,-74.19994818
308-320, SOUTH ELEVENTH ST,1796,48,yes,03-10-2014,40.74340996,-74.19988314
253, SOUTH TENTH STREET,1796,13,no,09-16-2013,40.74422357,-74.19909424
275, SOUTH TENTH STREET,1796,24,no,09-16-2013,40.74349232,-74.19945612
287, SOUTH TENTH STREET,1796,30,no,09-16-2013,40.74313301,-74.19963384
255, SOUTH TENTH STREET,1796,75,no,09-16-2013,40.74418299,-74.19911432
326, SOUTH ELEVENTH ST.,1796,39,no,09-17-2013,40.74308105,-74.20014269
257-, SOUTH TENTH ST.,1796,74,no,09-06-2013,40.744064,-74.19917322
223, SOUTH NINTH ST.,1797,13,no,09-30-2013,40.74395655,-74.19822315
202, TWELFTH AVENUE,1798,5,yes,08-30-2013,40.74415561,-74.19726636
208-210, SOUTH EIGHTH ST,1799,47,yes,03-24-2014,40.7429895,-74.19708097
220-222, SOUTH EIGHTH ST,1799,41,yes,03-24-2014,40.74258749,-74.19727958
161, SOUTH SIXTH STREET,1800,27,no,03-18-2014,40.74244494,-74.19593045
163, SOUTH SIXTH STREET,1800,28,no,03-24-2014,40.7423572,-74.19598274
121, LITTLETON AVE,1801,11,no,03-10-2014,40.74299759,-74.19460473
82-84, SOUTH SIXTH ST.,1809,13.01,no,11-15-2013,40.74493654,-74.19397187
108, SOUTH SEVENTH STREET,1810,53,no,03-26-2014,40.74526177,-74.1949317
75, SOUTH SIXTH ST.,1810,8,no,02-10-2014,40.74534902,-74.19445535
110-112, SOUTH SEVENTH ST.,1810,52,no,09-13-2013,40.74518409,-74.19496758
114, SOUTH SEVENTH STREET,1810,51,no,03-25-2014,40.74510831,-74.19500414
103, SOUTH SIXTH ST,1810,22,no,12-19-2013,40.74444097,-74.19487357
116, SOUTH SEVENTH STREET,1810,49,no,03-25-2014,40.74503308,-74.19504046
83-85, SOUTH SIXTH ST.,1810,10.02,no,11-15-2013,40.74505811,-74.19459281
117, SOUTH SEVENTH STREET,1811,20,no,03-26-2014,40.74510059,-74.19565171
113, SOUTH SEVENTH STREET,1811,17,no,03-24-2014,40.7452496,-74.19557806
185-187, TWELFTH AVE.,1811,27.06,no,08-30-2013,40.74434905,-74.19622492
170, SOUTH NINTH ST.,1812,53,no,09-13-2013,40.74569071,-74.19674874
80, ELEVENTH AVE.,1812,4,no,08-30-2013,40.74627611,-74.19631498
164, SOUTH NINTH ST.,1812,56,no,09-30-2013,40.74589494,-74.19664784
162, SOUTH NINTH ST.,1812,57,no,09-30-2013,40.74595917,-74.19661611
184, SOUTH NINTH ST.,1812,46,no,09-30-2013,40.74525907,-74.19696192
188, SOUTH NINTH ST.,1812,44,no,09-30-2013,40.7451152,-74.19703299
205, TWELFTH AVENUE,1812,36,no,08-30-2013,40.74463024,-74.1972243
188, SOUTH TENTH STREET,1813,59,yes,09-06-2013,40.7463435,-74.1974291
192, SOUTH TENTH STREET,1813,57,yes,09-16-2013,40.74621491,-74.19749269
204, SOUTH TENTH STREET,1813,51,yes,09-06-2013,40.74582949,-74.19768329
226, SOUTH TENTH STREET,1813,40,yes,09-16-2013,40.74511394,-74.19804327
102, ELEVENTH AVE.,1813,1,no,08-30-2013,40.74660618,-74.19744543
177, SOUTH NINTH ST.,1813,20,no,09-30-2013,40.74560373,-74.19740829
181, SOUTH NINTH ST.,1813,22,no,09-30-2013,40.74547529,-74.1974718
211-215, TWELFTH AVENUE,1813,31,no,08-30-2013,40.74478652,-74.19776348
167, SOUTH NINTH ST.,1813,15,no,09-30-2013,40.74592468,-74.19724957
169, SOUTH NINTH ST.,1813,16,no,09-30-2013,40.74586051,-74.19728131
194, SOUTH TENTH STREET,1813,56,no,09-06-2013,40.74615064,-74.19752447
185, SOUTH NINTH ST.,1813,24,no,09-13-2013,40.74534681,-74.19753534
224, SOUTH TENTH STREET,1813,41,no,01-16-2014,40.74518028,-74.19800435
216, SOUTH TENTH STREET,1813,45,no,01-16-2014,40.74544441,-74.19787373
196, SOUTH TENTH STREET,1813,55,no,01-16-2014,40.74608639,-74.19755624
205, SOUTH TENTH STREET,1814,15,yes,09-06-2013,40.74592342,-74.19825543
207, SOUTH TENTH STREET,1814,16,yes,05-27-2014,40.74588701,-74.19838358
221, SOUTH TENTH STREET,1814,23,yes,09-06-2013,40.74540965,-74.19850942
223, SOUTH TENTH ST,1814,24,yes,09-06-2013,40.74534506,-74.19854038
225, SOUTH TENTH ST,1814,25,yes,09-06-2013,40.74528109,-74.19857125
242, SOUTH ELEVENTH ST,1814,44,yes,09-11-2013,40.74589253,-74.19876069
254, SOUTH ELEVENTH ST,1814,38,no,09-17-2013,40.74549879,-74.19892208
214, SOUTH ELEVENTH ST,1814,58,no,09-16-2013,40.74662639,-74.19829411
212, SOUTH ELEVENTH ST,1814,59,no,09-16-2013,40.7466737,-74.19827066
187, SOUTH TENTH STREET,1814,6,no,09-16-2013,40.74648554,-74.1979775
210, SOUTH ELEVENTH ST,1814,60,no,09-16-2013,40.74672764,-74.1982597
183, SOUTH TENTH STREET,1814,66,no,09-16-2013,40.74657973,-74.19789208
185, SOUTH TENTH STREET,1814,67,no,09-16-2013,40.74654012,-74.19795044
250, SOUTH ELEVENTH ST,1814,40,no,09-11-2013,40.74563054,-74.19886789
220, SOUTH ELEVENTH ST,1814,55,no,10-01-2013,40.74647084,-74.19837118
229, SOUTH ELEVENTH ST,1815,11,yes,09-09-2013,40.74643409,-74.19900695
231, SOUTH ELEVENTH ST,1815,12,yes,05-28-2014,40.74636924,-74.19903867
235, SOUTH ELEVENTH ST.,1815,14,no,09-17-2013,40.74624018,-74.19910232
220, SOUTH TWELFTH ST,1815,56,no,09-17-2013,40.74663032,-74.19929567
219, SOUTH ELEVENTH ST,1815,6,no,09-16-2013,40.74675722,-74.19884754
237, SOUTH ELEVENTH ST,1815,15,no,09-09-2013,40.74617519,-74.19913401
214, SOUTH TWELFTH ST,1815,49,no,01-27-2014,40.74682424,-74.19919998
285-287, SOUTH NINETEENTH,1817,30.03,no,,40.74724303,-74.20662712
275, SOUTH NINETEENTH ST,1817,28,no,,40.74760684,-74.20644687
261, SOUTH NINETEENTH ST,1817,21,no,,40.74805612,-74.2062242
255, SOUTH NINETEENTH ST,1817,18,no,,40.74824869,-74.20612877
285-287, SOUTH NINETEENTH,1817,30.03,no,02-07-2014,40.74724303,-74.20662712
247, SOUTH EIGHTEENTH ST,1818,13,yes,09-12-2013,40.74830679,-74.20509555
245, SOUTH EIGHTEENTH ST,1818,12,no,05-13-2014,40.74839312,-74.20505408
275-277, SOUTH EIGHTEENTH,1818,27,no,05-13-2014,40.74737689,-74.2055577
245-, SOUTH EIGHTEENTH ST,1818,72,no,05-13-2014,40.74835021,-74.20507659
253, SOUTH EIGHTEENTH ST,1818,16,no,05-13-2014,40.74813639,-74.20518131
259, SOUTH EIGHTEENTH ST,1818,19,no,05-13-2014,40.74792244,-74.20528733
275-277, SOUTH EIGHTEENTH,1818,27,no,,40.74737689,-74.2055577
159, SOUTH ELEVENTH STREET,1825,11,yes,03-14-2014,40.74884406,-74.19781218
203, SOUTH ELEVENTH ST,1825,34,yes,05-28-2014,40.7474364,-74.19851124
174, SOUTH TWELFTH ST,1825,50,yes,03-12-2014,40.74823751,-74.19850063
186-188, SOUTH TWELFTH ST,1825,43,yes,03-12-2014,40.74782147,-74.19870657
179, SOUTH ELEVENTH ST,1825,21,no,09-09-2013,40.74822354,-74.19812036
199, SOUTH ELEVENTH ST,1825,32,no,09-09-2013,40.74756454,-74.19844765
175, SOUTH ELEVENTH ST,1825,18,no,09-16-2013,40.74837698,-74.19804414
201, SOUTH ELEVENTH ST,1825,33,no,03-17-2014,40.74750047,-74.19847944
131, ELEVENTH AVE.,1825,39,no,08-30-2013,40.74748083,-74.19892317
169, SOUTH TENTH STREET,1826,31,yes,09-06-2013,40.74724898,-74.19760043
175, SOUTH TENTH STREET,1826,34,yes,09-06-2013,40.747037,-74.19762763
158, SOUTH ELEVENTH STREET,1826,60,yes,05-28-2014,40.74875356,-74.19723952
160, SOUTH ELEVENTH STREET,1826,59,yes,03-18-2014,40.74868952,-74.1972712
129, SOUTH TENTH STREET,1826,11,yes,08-06-2013,40.74853729,-74.19696267
161, SOUTH TENTH STREET,1826,27,yes,09-16-2013,40.74748929,-74.19748154
171, SOUTH TENTH STREET,1826,32,no,09-16-2013,40.74718485,-74.19763215
188, SOUTH ELEVENTH ST,1826,45,no,09-16-2013,40.74779388,-74.19771609
550-552, CENTRAL AVE.,1826,3,no,03-17-2014,40.74888955,-74.19707594
192-194, SOUTH ELEVENTH ST,1826,42,no,09-17-2013,40.7476339,-74.19779554
152, SOUTH TENTH STREET,1827,47,no,09-06-2013,40.74766793,-74.19677543
109, SOUTH NINTH ST.,1827,16,no,03-24-2014,40.74795626,-74.1962455
139, SOUTH NINTH ST.,1827,31,no,09-13-2013,40.74694723,-74.196745
150, SOUTH TENTH ST,1827,48,no,09-06-2013,40.74773209,-74.19674372
117, SOUTH NINTH ST.,1827,20,no,09-30-2013,40.74769985,-74.19637244
91, ELEVENTH AVE.,1827,33,no,08-30-2013,40.74685776,-74.19686698
530-532, CENTRAL AVE.,1827,5,no,09-03-2013,40.74859042,-74.1960294
526-528, CENTRAL AVE.,1827,7,no,09-03-2013,40.74854183,-74.19585954
,,1827,70,no,09-16-2013,,
109, SOUTH EIGHTH STREET,1828,31,no,09-13-2013,40.74673894,-74.19584541
524, CENTRAL AVE.,1828,1,no,09-03-2013,40.7484481,-74.19552987
53, SOUTH SEVENTH ST,1829,18,no,03-26-2014,40.74732647,-74.19455211
102, SOUTH EIGHTH STREET,1829,42,no,03-24-2014,40.74684471,-74.19517643
98, SOUTH EIGHTH ST,1829,44,no,09-25-2013,40.74697333,-74.19511293
86, SOUTH EIGHTH STREET,1829,50,no,09-25-2013,40.74735894,-74.19492271
84, SOUTH EIGHTH STREET,1829,51,no,09-25-2013,40.74742319,-74.19489102
408-410, NEW ST,1838,21,no,10-25-2013,40.74602189,-74.18931365
17, FAIRMOUNT AVE.,1843,12,no,,40.74697278,-74.1913363
33, FIFTH ST.,1849,40,no,,40.74888455,-74.19138195
15, NORTH SIXTH ST,1850,38,no,03-21-2014,40.7488904,-74.19237162
26-28, FIFTH ST.,1850,8.03,no,,40.74886355,-74.19198595
11, NORTH SEVENTH ST.,1852,4,no,,40.74969412,-74.1928453
470-472, WEST MARKET ST.,1854,48,no,10-28-2013,40.74973863,-74.19363906
505, CENTRAL AVE,1854,26,no,09-03-2013,40.74892447,-74.19416284
67, SOUTH NINTH ST.,1856,23,no,09-30-2013,40.74960313,-74.19543553
18, NINTH AVE.,1856,8,no,09-03-2013,40.75063615,-74.19477204
20, NINTH AVE.,1856,7,no,09-03-2013,40.7506664,-74.1948482
110, SOUTH ELEVENTH STREET,1857,53,no,09-16-2013,40.75052902,-74.19636477
64, NINTH AVE,1858,1,yes,09-03-2013,40.75129943,-74.19713301
94, SOUTH TWELFTH ST,1858,58,yes,03-12-2014,40.75110244,-74.19708586
104, SOUTH TWELFTH ST,1858,53,yes,03-12-2014,40.7507811,-74.19724418
60, NINTH AVE.,1858,3,no,09-03-2013,40.75125094,-74.19696428
54, NINTH AVE.,1858,6,no,09-03-2013,40.75117819,-74.19671091
58, NINTH AVE.,1858,4,no,09-03-2013,40.75122657,-74.19687976
107, SOUTH ELEVENTH STREET,1858,13,no,09-17-2013,40.75074825,-74.19687397
99, SOUTH ELEVENTH STREET,1858,9,no,,40.75100527,-74.19674744
585-587, CENTRAL AVE.,1859,37,no,03-17-2014,40.74995525,-74.19875124
140, SOUTH THIRTEENTH ST,1859,42,no,09-18-2013,40.75025758,-74.19850464
124, SOUTH THIRTEENTH ST,1859,50,no,03-24-2014,40.75079186,-74.19824114
114, SOUTH THIRTEENTH ST,1859,56,no,09-18-2013,40.75111336,-74.19808259
70, NINTH AVE.,1859,6,no,09-03-2013,40.75146535,-74.19758398
128, SOUTH THIRTEENTH ST,1859,48,no,02-07-2014,40.7506472,-74.19831248
123, SOUTH THIRTEENTH ST,1860,18,no,03-24-2014,40.75091713,-74.19874123
133, SOUTH THIRTEENTH ST,1860,23,no,03-24-2014,40.75059026,-74.19888147
90-92, NINTH AVE.,1860,3,no,09-03-2013,40.75174303,-74.19867834
125, SOUTH FOURTEENTH ST.,1861,16,no,09-18-2013,40.75134914,-74.1995858
104-, NINTH AVE.,1861,5,no,09-03-2013,40.75198774,-74.19940198
118-120, SOUTH FIFTEENTH S,1861,54,no,09-18-2013,40.7516259,-74.19983368
104, NINTH AVE.,1861,6,no,09-03-2013,40.75197289,-74.19935036
102-, NINTH AVE.,1861,61,no,09-03-2013,40.75195802,-74.19929866
106, NINTH AVE.,1861,64,no,09-03-2013,40.75200262,-74.1994537
102, NINTH AVE.,1861,7,no,09-03-2013,40.75194311,-74.19924684
103, NINTH AVE.,1865,34,no,09-03-2013,40.75238535,-74.19921798
77, NINTH AVE.,1867,39,no,09-03-2013,40.75194939,-74.19770017
55, SOUTH TWELFTH STREET,1867,20,no,01-27-2014,40.75261646,-74.19695437
61, NINTH AVE.,1868,38,yes,09-03-2013,40.75170146,-74.19683725
69-71, SOUTH ELEVENTH ST.,1868,25,no,09-17-2013,40.7520903,-74.1962112
49, NINTH AVE.,1868,32,no,09-03-2013,40.75155693,-74.19633095
51, NINTH AVE.,1868,33,no,09-03-2013,40.75157644,-74.1964019
53, NINTH AVE,1868,34,no,09-03-2013,40.75160818,-74.19651329
207, DICKERSON ST.,1873,18,no,09-04-2013,40.75012944,-74.19319924
36, NORTH SEVENTH ST,1873,30,no,09-05-2013,40.7507624,-74.19274387
44, NORTH SEVENTH ST,1873,34,no,,40.7510012,-74.19258309
40A, NORTH SEVENTH ST,1873,39,no,,40.75092077,-74.19263794
24, NORTH SEVENTH ST,1873,24,no,,40.75039462,-74.1929893
64, NORTH SIXTH ST,1874,20,no,09-05-2013,40.75069581,-74.19177384
69, FIFTH ST.,1876,39,no,03-03-2014,40.75008012,-74.19057309
64-, FOURTH ST.,1876,46,no,09-03-2013,40.74958714,-74.19051347
65-67, FIFTH ST.,1876,38,no,,40.75000655,-74.1906222
63, FIFTH ST.,1876,36,no,03-03-2014,40.7499207,-74.1906795
61, FIFTH ST.,1876,35,no,03-03-2014,40.74984097,-74.19073271
51, FIFTH ST.,1876,30,no,03-03-2014,40.74952832,-74.19094141
67, FOURTH ST.,1877,34,no,09-03-2013,40.74939423,-74.19005348
59-61, THIRD ST.,1878,38,no,,40.74951397,-74.18900162
39, THIRD ST.,1878,28,no,,40.74886952,-74.18943191
76, SECOND ST.,1878,19,no,,40.74887444,-74.189044
78-80, SECOND STREET,1878,17,no,,40.74896652,-74.18898253
90, SECOND ST.,1878,12.01,no,,40.74929406,-74.18876382
75, SECOND ST.,1879,27,no,,40.74867326,-74.18852292
83, SECOND ST.,1879,31,no,,40.74891917,-74.18835654
85, SECOND ST.,1879,32,no,,40.74899943,-74.18836419
93, THIRD ST.,1884,46,no,,40.75066093,-74.18822748
102-104, FOURTH ST.,1886,29,no,,40.7508539,-74.18966605
92-96, NORTH SIXTH ST.,1888,26,no,03-21-2014,40.75183355,-74.19100503
63, NORTH SEVENTH ST.,1888,44,no,,40.75153075,-74.19161828
61, NORTH SEVENTH ST.,1888,43,no,,40.75147059,-74.19165956
92-96, NORTH SIXTH ST.,1888,26,no,,40.75183355,-74.19100503
84-90, NORTH SIXTH ST.,1888,29.01,no,03-21-2014,40.75158573,-74.19122553
43, ROSEVILLE AVE.,1889,46,no,09-06-2013,40.75195846,-74.19234604
60, NORTH SEVENTH ST,1889,34,no,09-05-2013,40.75168003,-74.19212718
58, NORTH SEVENTH ST,1889,35,no,09-05-2013,40.75161916,-74.19216817
53-55, MYRTLE AVE.,1890.03,61,no,03-21-2014,40.75342858,-74.19241775
146, NORTH SIXTH ST,1907,21,no,10-29-2013,40.7535843,-74.18998461
329," SEVENTH AVENUE, W.",1914,2,no,08-30-2013,40.75412542,-74.1870397
186, THIRD STREET,1914,65,no,08-30-2013,40.75403295,-74.18673275
192-194, THIRD ST,1914,61,no,01-06-2014,40.7542562,-74.18661638
246," SIXTH AVE., W.",1916,2,no,08-30-2013,40.75651937,-74.1878779
193-195, NORTH SEVENTH ST.,1917,56,no,10-28-2013,40.75614639,-74.18905015
185, ROSEVILLE AVE.,1918,28,no,11-01-2013,40.75689263,-74.18993281
140-148, ROSEVILLE AVE.,1919,34,no,09-06-2013,40.75593774,-74.19154463
56, NORTH THIRTEENTH ST,1923,19,no,09-05-2013,40.7575216,-74.19535896
240, NORTH SEVENTH ST,1929,22,no,10-28-2013,40.75796814,-74.18887624
213-215, ROSEVILLE AVE.,1929,45,no,11-01-2013,40.75804591,-74.18947894
284, NORTH SIXTH STREET,1930,8,yes,11-01-2013,40.75842847,-74.1874718
269, NORTH SEVENTH ST,1930,56,no,10-28-2013,40.75872089,-74.1877076
271, NORTH SIXTH ST.,1931,48,yes,11-01-2013,40.75781965,-74.18716782
245-247," SIXTH AVE., W.",1931,35,no,08-30-2013,40.75690751,-74.18774762
225," SIXTH AVE., W.",1932,33,no,08-30-2013,40.75665322,-74.18660325
285, FIFTH ST.,1932,50,no,11-12-2013,40.75768298,-74.18622817
148-150, NORTH NINTH ST.,1938,23,no,09-05-2013,40.7610168,-74.1903728
442, FOURTH AVE,1938,65,no,09-03-2013,40.76235575,-74.18985913
271-275, NORTH ELEVENTH ST,1945,60,no,08-27-2013,40.76447701,-74.18902018
348-350, NORTH SEVENTH ST,1947,31,yes,09-05-2013,40.76186221,-74.18675411
511, MARKET ST.,2003,42,yes,09-23-2013,40.73228501,-74.15635822
31, FILLMORE ST.,2011,16,no,10-30-2013,40.73154611,-74.15001059
24, FLEMING AVE.,2017,33,no,04-07-2014,40.73097716,-74.14733723
26, FLEMING AVE.,2017,32,no,04-07-2014,40.73099858,-74.14727064
22, MOTT ST.,2020,48,no,09-24-2013,40.73219128,-74.14745853
49-51, FLEMING AVE.,2022,4,no,09-03-2013,40.73110529,-74.14564402
28, OXFORD ST.,2024,44,no,03-24-2014,40.73253216,-74.14561099
150, FLEMING AVE.,2468,25,no,09-20-2013,40.73256128,-74.14022754
63, BRILL ST.,2475,15,no,04-07-2014,40.73147507,-74.1425974
60, BRILL ST.,2476,29,no,04-07-2014,40.73169285,-74.14209044
131, FLEMING AVE.,2477,4,no,07-24-2013,40.73221923,-74.14131089
133, FLEMING AVE.,2477,5,no,07-24-2013,40.73221026,-74.14122156
24, VINCENT ST.,2479,82,no,01-30-2014,40.73144898,-74.13752266
27, VINCENT ST.,2480,14,yes,01-30-2014,40.73124756,-74.13788041
18, LENTZ AVE.,2480,47,no,04-07-2014,40.7316936,-74.13843313
20-, LENTZ AVE.,2480,45,no,04-07-2014,40.73159406,-74.13837241
9, LENTZ AVE.,2481,12,yes,04-07-2014,40.73177759,-74.13896956
30, CORTLAND ST.,2482,15,yes,04-07-2014,40.7309335,-74.13911971
43-, CORTLAND ST,2483,60,yes,04-07-2014,40.73032219,-74.1392491
40, HAWKINS ST.,2483,25,yes,04-07-2014,40.73027156,-74.13962923
43, CORTLAND ST.,2483,40,no,04-08-2014,40.73036172,-74.13927981
32, HAWKINS ST.,2483,21,no,09-23-2013,40.73050839,-74.13981182
34, HAWKINS ST.,2483,22,no,04-08-2014,40.73044933,-74.13976585
23, HAWKINS ST.,2484,19,yes,04-07-2014,40.73057507,-74.1405742
45, HAWKINS ST.,2484,39,yes,04-07-2014,40.72992673,-74.14007003
101, BRILL ST.,2486,16,yes,04-07-2014,40.73012224,-74.14171271
357, MORRIS AVE.,254,15,no,,40.73479184,-74.19315082
355, MORRIS AVE.,254,14,no,,40.73485581,-74.19312647
373, MORRIS AVE.,254,23,no,,40.73426489,-74.19335333
400, EIGHTEENTH AVE.,2608,65,no,10-31-2013,40.73130371,-74.20046891
257, ROSE ST,2611,59,no,10-28-2013,40.72879915,-74.19911199
259, ROSE ST.,2611,60,no,10-28-2013,40.72884841,-74.19915242
313, ROSE ST,2612,56,no,10-28-2013,40.73060953,-74.20039682
10-14, KENT ST,2613,28,no,01-06-2014,40.73088685,-74.20201921
38, KENT ST,2615,10,no,07-22-2013,40.72989678,-74.2024035
35-53, KENT ST,2616,9,no,07-22-2013,40.730067,-74.2029325
645, SOUTH TENTH STREET,2617,34,no,10-31-2013,40.72993863,-74.20474544
654, SOUTH TWELFTH ST,2618,67,no,,40.73061583,-74.20603424
680, SOUTH TWELFTH ST,2618,54,no,,40.72979099,-74.20635659
691-693, SOUTH ELEVENTH ST,2618,34,no,,40.72931188,-74.20615424
679, SOUTH TWELFTH ST,2619,50,no,,40.72992718,-74.20686681
226, FAIRMOUNT AVE.,262,2,no,,40.7395773,-74.19457329
200, FAIRMOUNT AVE.,262,15,no,,40.74038781,-74.19414453
192, FAIRMOUNT AVE.,262,19,no,,40.74065998,-74.19399992
59, ROSE TERR,2624,29,no,03-10-2014,40.72698142,-74.20202838
117, ROSE TERR,2624,58,no,03-10-2014,40.72755826,-74.20483234
714, SOUTH TENTH STREET,2624,60,no,,40.72758155,-74.20506732
245-247, AVON AVE,2625,12,no,11-01-2013,40.72601592,-74.20137519
20, TREACY AVE,2625,1,no,,40.726099,-74.20230976
92, ROSE TERR,2626,48,no,03-10-2014,40.72680976,-74.20355181
98, ROSE TERR,2626,52,no,,40.72687664,-74.20386409
297, AVON AVE,2626,27,no,,40.72647546,-74.20352173
219-221, FAIRMOUNT AVE.,263,58,no,10-16-2013,40.73991748,-74.19508891
194, LITTLETON AVE.,263,14,no,09-04-2013,40.74044694,-74.19520614
192, LITTLETON AVE.,263,15,no,07-22-2013,40.74051055,-74.19517275
195, FAIRMOUNT AVE.,263,45,no,,40.74072393,-74.19466553
217, FAIRMOUNT AVE.,263,69,no,03-17-2014,40.73999695,-74.1950472
198, LITTLETON AVE.,263,12,no,10-16-2013,40.74031971,-74.19527293
190, LITTLETON AVE.,263,16,no,,40.74057416,-74.19513935
187, FAIRMOUNT AVE.,263,41,no,,40.74097848,-74.19453182
186-188, LITTLETON AVE.,263,17,no,,40.74063777,-74.19510595
217, FAIRMOUNT AVE.,263,69,no,,40.73999695,-74.1950472
219-221, FAIRMOUNT AVE.,263,58,no,01-13-2014,40.73991748,-74.19508891
723, SOUTH TENTH STREET,2630,22,no,,40.72733757,-74.20581348
711, SOUTH ELEVENTH ST.,2631,2,no,,40.72867527,-74.20639766
715-717, SOUTH ELEVENTH ST,2631,4,no,,40.72852629,-74.2064549
743, SOUTH TWELFTH ST,2632,18,no,10-31-2013,40.72774573,-74.20773082
762, SOUTH FOURTEENTH ST,2633,34,no,11-15-2013,40.7280534,-74.20896339
741-743, SOUTH FOURTEENTH,2634,11,no,10-30-2013,40.72879398,-74.20931079
737, SOUTH FOURTEENTH ST,2634,9,no,11-15-2013,40.72892591,-74.20926017
776, SOUTH SIXTEENTH ST,2635,34,no,,40.72846542,-74.21076083
779, SOUTH SIXTEENTH ST,2636,23,no,,40.72850374,-74.211348
750, SOUTH SEVENTEENTH ST,2636,2,no,,40.7296645,-74.21124994
752, SOUTH SEVENTEENTH ST,2636,52,no,,40.72955941,-74.21131935
756, SOUTH SEVENTEENTH ST,2636,50,no,,40.72942764,-74.21136982
768, SOUTH SEVENTEENTH ST,2636,44,no,,40.72903317,-74.21152092
786, SOUTH SEVENTEENTH ST,2636,36,no,,40.72845957,-74.2117406
777-779, SOUTH SEVENTEENTH,2637,23,no,,40.72888715,-74.21217668
767, SOUTH SEVENTEENTH ST,2637,18,no,,40.72923241,-74.2120433
774, SOUTH EIGHTEENTH ST,2637,49,no,,40.72920223,-74.21243089
787, SOUTH EIGHTEENTH ST,2638,22,no,,40.7288996,-74.21314959
794, SOUTH NINETEENTH ST.,2638,31,no,,40.72877907,-74.21357176
790, SOUTH NINETEENTH ST.,2638,33,no,,40.72891188,-74.21352539
772-774, SOUTH NINETEENTH,2638,46,no,,40.7294717,-74.21334386
815-817, SOUTH NINETEENTH,2642,6,no,09-30-2013,40.72800177,-74.21447725
812, SOUTH NINETEENTH ST.,2643,56,no,09-30-2013,40.7279761,-74.21387824
484, AVON AVE,2643,3,no,11-01-2013,40.72813028,-74.21377287
831-833, SOUTH EIGHTEENTH,2643,19,no,,40.72723096,-74.21378793
830, SOUTH NINETEENTH ST.,2643,47,no,,40.72738385,-74.21410497
828, SOUTH EIGHTEENTH ST,2644,47,no,,40.72718693,-74.2132051
830, SOUTH EIGHTEENTH ST,2644,46,no,,40.72712087,-74.21323061
834, SOUTH EIGHTEENTH ST,2644,44,no,,40.72698904,-74.21328121
832, SOUTH EIGHTEENTH ST,2644,45,no,,40.72705492,-74.21325593
450, AVON AVE,2645,4,no,10-11-2010,40.72773071,-74.21190153
840, SOUTH SIXTEENTH ST,2646,36,no,07-25-2013,40.72611444,-74.21166216
840, SOUTH SIXTEENTH ST,2646,36,no,,40.72611444,-74.21166216
802, SOUTH SIXTEENTH ST,2646,56,no,,40.72739613,-74.21117149
806, SOUTH SIXTEENTH ST,2646,54,no,,40.7272634,-74.21122211
795, SOUTH FOURTEENTH ST,2647,15,no,11-15-2013,40.72677553,-74.21008349
792, SOUTH FIFTEENTH ST,2647,49,no,11-12-2013,40.72674404,-74.210452
790, SOUTH FIFTEENTH ST,2647,50,no,,40.72680988,-74.21042767
782, SOUTH TWELFTH ST,2650,44,no,,40.72618771,-74.20772905
765-767, SOUTH TENTH ST.,2651,15,no,,40.7256699,-74.20644251
37, SHANLEY AVE.,2652,14,no,03-11-2014,40.72582377,-74.20530061
68-70, SHANLEY AVE.,2653,31,no,,40.72467826,-74.20509658
21-23, TREACY AVE.,2654,6,no,10-25-2013,40.72591331,-74.20304629
25-27, TREACY AVE.,2654,9,no,,40.725799,-74.20309948
27, SEYMOUR AVE.,2656,19,no,03-19-2014,40.72464481,-74.20137097
31, SEYMOUR AVE.,2656,21,no,03-19-2014,40.72449042,-74.20143556
25, SEYMOUR AVE.,2656,18,no,09-16-2013,40.72471023,-74.2013436
11, SEYMOUR AVE.,2656,11,no,09-13-2013,40.72516779,-74.20115199
17-19, SEYMOUR AVE.,2656,15,no,03-19-2014,40.7249326,-74.20125056
36, SEYMOUR AVE.,2657,40,no,08-14-2013,40.72428621,-74.20081527
14, SEYMOUR AVE.,2657,59,no,03-19-2014,40.72497678,-74.20053496
50, CHADWICK AVE.,2659,47,yes,10-24-2013,40.72463272,-74.19959509
583, BERGEN ST.,2659,16,no,09-10-2013,40.72441627,-74.19928937
379-381, SOUTH TENTH ST.,266,13,no,,40.73976456,-74.20118685
377, SOUTH TENTH STREET,266,12,no,,40.73982872,-74.20115411
375, SOUTH TENTH STREET,266,11,no,,40.73989463,-74.20114652
108, BADGER AVE.,2664,46,no,03-10-2014,40.72344544,-74.19479651
106, BADGER AVE.,2664,47,no,09-11-2013,40.72350951,-74.19477208
345, IRVINE TURNER BLVD.,2666,37,no,03-11-2014,40.72245913,-74.19283656
41, HILLSIDE AVE.,2666,53,no,10-25-2013,40.72236326,-74.19237664
310-316, CLINTON AVE.,2669,11,yes,10-24-2013,40.72201795,-74.19105416
33, MILFORD AVE.,2670,18,no,07-24-2013,40.72148263,-74.19006067
96, MILFORD AVE.,2672,30,no,09-03-2013,40.71923909,-74.19035677
94, MILFORD AVE.,2672,31,no,08-05-2013,40.7193227,-74.19031582
88-90, MILFORD AVE.,2672,34,no,08-02-2013,40.7194985,-74.19023133
92, MILFORD AVE.,2672,35,no,08-05-2013,40.7194063,-74.19027687
46, MILFORD AVE.,2672,58,no,05-01-2014,40.72099045,-74.18956105
41-45, MILFORD AVE.,2673,3,no,09-03-2013,40.72114285,-74.19028034
96, RIDGEWOOD AVE.,2678,23,no,09-11-2013,40.72039403,-74.19508387
110, CHADWICK AVE.,2686,41,yes,01-30-2014,40.7224495,-74.20051215
112, CHADWICK AVE.,2686,40,yes,01-30-2014,40.72238421,-74.20053939
118, CHADWICK AVE.,2686,37,yes,10-24-2013,40.72218822,-74.20062164
489, CLINTON AVE.,2686,26,yes,04-22-2014,40.72173016,-74.20027876
490, CLINTON AVE.,2687,1,yes,04-22-2014,40.72125154,-74.2004863
152, CHADWICK AVE.,2687,46,no,01-30-2014,40.72084679,-74.20118186
154, CHADWICK AVE.,2687,45,no,08-12-2013,40.72078376,-74.20121369
148, CHADWICK AVE.,2687,48,no,10-22-2013,40.72098161,-74.20112616
683-685, BERGEN ST.,2687,12,no,03-10-2014,40.72064951,-74.20086611
223, PESHINE AVE.,2689,18,no,11-06-2013,40.71985837,-74.19906571
257, JELLIFF AVE.,2690,11,no,08-08-2013,40.72035237,-74.19781284
269, JELLIFF AVE.,2690,17,no,08-08-2013,40.71995345,-74.19797779
216, PESHINE AVE.,2690,49,no,11-06-2013,40.72000202,-74.19835467
113, RIDGEWOOD AVE.,2692,9,no,01-31-2014,40.71976306,-74.19594054
123, RIDGEWOOD AVE.,2692,14,no,01-31-2014,40.71943545,-74.19607544
119, RIDGEWOOD AVE.,2692,12,no,01-31-2014,40.71956653,-74.19602153
127-129, RIDGEWOOD AVE.,2692,16,no,06-26-2013,40.71927161,-74.1961428
446-450, IRVINE TURNER BLV,2693,22,yes,08-30-2013,40.71866231,-74.19532372
452, IRVINE TURNER BLVD.,2693,25,no,08-30-2013,40.71845529,-74.19528911
150-154, MILFORD AVE,2697,36,no,09-03-2013,40.71726103,-74.1912711
102, MILFORD AVE.,2697,64,no,09-03-2013,40.71885635,-74.19052793
183, JOHNSON AVE.,2700,24,no,09-03-2013,40.71588236,-74.19375449
151, JOHNSON AVE.,2700,8,no,09-03-2013,40.71691948,-74.19332568
484, IRVINE TURNER BLVD.,2702,12,no,08-30-2013,40.71724348,-74.19578934
486, IRVINE TURNER BLVD.,2702,13,no,08-30-2013,40.71717803,-74.19581643
164, RIDGEWOOD AVE.,2702,54,no,07-17-2013,40.71780569,-74.19612392
474-476, IRVINE TURNER BLV,2702,7,no,02-26-2014,40.71751661,-74.19567637
197, RIDGEWOOD AVE.,2703,21,no,09-11-2013,40.7168301,-74.19715039
742-744, BERGEN ST.,2707,44,no,07-15-2013,40.71840947,-74.20113102
216-218, CHADWICK AVE.,2708,44,yes,08-12-2013,40.71856407,-74.20211211
222, CHADWICK AVE.,2708,41,no,08-12-2013,40.71839544,-74.20218236
208, CHADWICK AVE.,2708,48,no,08-12-2013,40.71887058,-74.20199952
210, CHADWICK AVE.,2708,47,no,08-12-2013,40.7188043,-74.20202571
795, BERGEN ST.,2711,12,no,09-10-2013,40.71660857,-74.20253879
272, CHADWICK AVE.,2711,27,no,01-30-2014,40.71658467,-74.20294298
267, SHERMAN AVE,2761,33,no,11-04-2013,40.71538176,-74.19008255
279, LITTLETON AVE.,278,13,no,,40.73751176,-74.19714756
281, LITTLETON AVE.,278,14,no,,40.73744589,-74.19717283
263, LITTLETON AVE.,278,5,no,,40.73803875,-74.19694544
19, EARL ST.,2785,32,no,,40.71943657,-74.18832064
275-277, SOUTH SIXTH ST.,279,1,yes,04-28-2014,40.73823613,-74.19780137
320, SOUTH SEVENTH STREET,279,34,no,,40.73765655,-74.19844518
144, SHERMAN AVE.,2794,18,no,11-04-2013,40.72026618,-74.1865365
64, MILLER ST.,2799,26,no,09-03-2013,40.72070656,-74.18518753
120, PENNSYLVANIA AVE.,2808,43,yes,09-03-2013,40.72135919,-74.18266894
410, SOUTH TENTH STREET,282,35,no,,40.73844003,-74.20107893
437, SOUTH TENTH STREET,283,1,no,,40.73764892,-74.20196145
435, SOUTH TENTH STREET,283,2,no,,40.73771447,-74.20193941
423, SOUTH TENTH STREET,283,7,no,,40.73811712,-74.20179391
13, HECKER ST.,2848,11,no,09-26-2013,40.74970247,-74.18383844
23, HUDSON ST.,2849,16,yes,01-30-2014,40.74904407,-74.18330267
25, HUDSON ST.,2849,17,yes,01-30-2014,40.74898825,-74.1833391
29-31, HUDSON ST.,2849,18,no,04-09-2014,40.74887774,-74.18344973
433, SOUTH NINTH ST.,289,19,no,10-29-2013,40.73635949,-74.20148971
95, SIXTEENTH AVENUE,293,33,no,,40.73505353,-74.19858733
381, LITTLETON AVE.,300,50,no,,40.73380366,-74.19856787
90, SEYMOUR AVE.,3000,31,no,03-19-2014,40.72228372,-74.2016747
74, SEYMOUR AVE.,3000,39,no,03-19-2014,40.72282138,-74.20143223
119, CHADWICK AVE.,3000,19,no,01-30-2014,40.72227516,-74.20125504
61, SEYMOUR AVE.,3001,6,no,11-01-2013,40.72336039,-74.20190961
65, SEYMOUR AVE.,3001,8,no,08-14-2013,40.72320881,-74.20197304
112, TREACY AVE.,3002,31,no,10-25-2013,40.72265508,-74.20373644
78, TREACY AVE.,3002,48,no,,40.72378143,-74.20325867
587-589, CLINTON AVE.,3003,29,no,10-24-2013,40.72272799,-74.20494794
109-111, TREACY AVE,3003,20,no,,40.72281624,-74.20435244
89-91, BALDWIN AVE.,3004,21,no,11-01-2013,40.72303356,-74.20536767
104-106, SHANLEY AVE.,3004,33,no,07-29-2013,40.72330719,-74.20567024
79-83, BALDWIN AVE.,3004,15,no,01-15-2014,40.72334587,-74.20523488
88-90, SHANLEY AVE,3004,42,no,03-11-2014,40.72384688,-74.20544305
91-93, SHANLEY AVE.,3005,11,no,09-11-2013,40.72383814,-74.20611925
95-97, SHANLEY AVE.,3005,13,no,09-11-2013,40.723707,-74.20617336
79-81, SHANLEY AVE.,3005,5,no,03-12-2014,40.72423105,-74.20595766
71-73, SHANLEY AVE.,3005,1,no,03-11-2014,40.72449632,-74.20584701
814-816, SOUTH TWELFTH ST,3007,108,no,,40.72500631,-74.20817903
867-869, SOUTH ELEVENTH ST,3007,83,no,,40.72346601,-74.20835502
838, SOUTH FOURTEENTH ST,3009,32,no,07-26-2013,40.72527709,-74.21001633
867, SOUTH FOURTEENTH ST,3010,30,no,07-26-2013,40.72442739,-74.21097738
840, SOUTH FIFTEENTH ST,3010,76,no,,40.72517337,-74.21105129
741-745, CLINTON AVE.,3010,49,no,01-06-2014,40.72333041,-74.21181087
882-884, SOUTH SIXTEENTH,3011,70,no,,40.72474493,-74.21218698
904-906, SOUTH SIXTEENTH,3011,58,no,,40.72402305,-74.2124642
867, SOUTH SIXTEENTH ST,3012,19,no,,40.72543575,-74.21252313
907-909, SOUTH SIXTEENTH S,3012,40,no,,40.72407015,-74.21304687
905, SOUTH SIXTEENTH ST,3012,38,no,,40.72418194,-74.21300401
886-888, SOUTH SEVENTEENTH,3012,74,no,,40.724886,-74.21310941
898-900, SOUTH SEVENTEENTH,3012,68,no,,40.72449487,-74.21325962
924, SOUTH EIGHTEENTH ST,3013,64,no,07-26-2013,40.72409552,-74.21438886
811, CLINTON AVE.,3013,57,no,,40.72348772,-74.21477254
865, SOUTH SEVENTEENTH ST,3013,15,no,,40.72582827,-74.21335063
867-869, SOUTH SEVENTEENTH,3013,16,no,,40.72572829,-74.21338823
921, SOUTH SEVENTEENTH ST,3013,43,no,,40.72400082,-74.21404968
923-925, SOUTH SEVENTEENTH,3013,44,no,,40.72391017,-74.21408436
930-932, SOUTH EIGHTEENTH,3013,60,no,,40.72384136,-74.214486
896, SOUTH NINETEENTH ST,3014,36,no,04-01-2014,40.72522924,-74.21493251
869, SOUTH EIGHTEENTH ST,3014,15,no,,40.72595547,-74.21427996
891, SOUTH EIGHTEENTH ST,3014,26,no,,40.72523453,-74.21455506
852, SOUTH NINETEENTH ST,3014,62,no,,40.72665828,-74.21438586
905, SOUTH TWENTIETH ST.,3015.01,1,no,10-30-2013,40.72525428,-74.2165041
937-939, SOUTH NINETEENTH,3018,14,no,,40.72402328,-74.21599604
522-524, CLINTON AVE.,3019,9,yes,10-24-2013,40.7215623,-74.20206743
520, CLINTON AVE.,3019,8,yes,10-24-2013,40.72153088,-74.20198316
134, SEYMOUR AVE.,3019,21,yes,02-11-2014,40.72060553,-74.20233039
151, CHADWICK AVE.,3019,71,yes,08-12-2013,40.72101339,-74.20178149
147-149, CHADWICK AVE.,3019,72,no,10-22-2013,40.72112044,-74.20174089
116, SEYMOUR AVE.,3019,12,no,08-14-2013,40.72119495,-74.20212702
118, SEYMOUR AVE.,3019,13,no,08-14-2013,40.72112857,-74.20214992
124-126, SEYMOUR AVE.,3019,16,no,08-14-2013,40.72090953,-74.2022255
110-112, SEYMOUR AVE.,3019,76,no,09-13-2013,40.72133683,-74.20209769
145, CHADWICK AVE.,3019,74,no,10-22-2013,40.72122828,-74.20170279
166, SEYMOUR AVE.,3020,37,yes,09-13-2013,40.71953642,-74.20270322
172, SEYMOUR AVE.,3020,40,yes,03-19-2014,40.71934277,-74.20278593
225, CHADWICK AVE.,3020,18,no,10-24-2013,40.71844031,-74.20285995
186, SEYMOUR AVE.,3020,47,no,03-17-2014,40.71888363,-74.20298919
194, SEYMOUR AVE.,3020,51,no,09-18-2013,40.71863083,-74.20314966
219-221, CHADWICK AVE.,3020,21,no,08-12-2013,40.71861489,-74.20277368
174, SEYMOUR AVE.,3020,41,no,09-17-2013,40.71927752,-74.202815
170, SEYMOUR AVE.,3020,39,no,03-19-2014,40.71940671,-74.20275745
184, WEST RUNYON STREET,3021,7,no,05-05-2014,40.71744263,-74.20329369
169, SEYMOUR AVE.,3024,65,yes,03-19-2014,40.71951445,-74.20328509
171, SEYMOUR AVE,3024,64,yes,09-13-2013,40.71944011,-74.20331074
173, SEYMOUR AVE.,3024,63,yes,03-19-2014,40.71936577,-74.20333639
185, SEYMOUR AVE.,3024,58,yes,09-17-2013,40.71899406,-74.20346465
187, SEYMOUR AVE.,3024,57,yes,03-19-2014,40.71891972,-74.2034903
133, SEYMOUR AVE.,3024,83,no,09-13-2013,40.7207039,-74.20287465
175, SEYMOUR AVE.,3024,62,no,07-03-2013,40.71929142,-74.20336204
167, SEYMOUR AVE.,3024,66,no,09-13-2013,40.71958879,-74.20325944
129-131, SEYMOUR AVE.,3024,85,no,09-13-2013,40.72080745,-74.20283892
49-51, HEDDEN TERR.,3026,75,no,05-06-2014,40.72049035,-74.20456451
101, HEDDEN TERR.,3027,13,no,05-05-2014,40.71872029,-74.20492648
16, TILLINGHAST ST.,3029,19,no,07-26-2013,40.71795961,-74.2071075
38-40, TILLINGHAST ST.,3029,8,no,08-27-2013,40.71821797,-74.20815947
27-29, TILLINGHAST ST.,3030,37,no,07-26-2013,40.71852127,-74.20750828
105, OSBORNE TERR.,3031,14,no,07-24-2013,40.71888447,-74.20630684
101, OSBORNE TERR.,3031,17,no,07-24-2013,40.71901521,-74.20623041
97, OSBORNE TERR.,3031,19,no,08-12-2013,40.71917389,-74.20628585
269, WEST RUNYON STREET,3031,2,no,11-04-2013,40.71934308,-74.20757264
76, VAN NESS PL.,3032,42,no,10-25-2013,40.72003003,-74.20647066
72-74, INGRAHAM PL.,3033,38,no,11-04-2013,40.7202845,-74.20735369
15-19, INGRAHAM PL.,3034,72,no,11-04-2013,40.72227807,-74.20736627
62-64, NAIRN PL.,3034,33,no,03-21-2014,40.72081343,-74.20814419
54-56, NAIRN PL.,3034,29,no,03-21-2014,40.72109355,-74.2080496
295, WEST RUNYON STREET,3035,29,no,05-05-2014,40.71962825,-74.20871273
279, WEST RUNYON STREET,3035,37,no,05-05-2014,40.71933889,-74.20808355
58, MILLINGTON AVE.,3035,59,no,09-11-2013,40.72017531,-74.20952267
60, MILLINGTON AVE.,3035,60,no,09-11-2013,40.72019027,-74.20961563
62, MILLINGTON AVE.,3035,61,no,09-11-2013,40.72021462,-74.2097197
79-83, TILLINGHAST ST.,3036,14,no,07-24-2013,40.71913384,-74.21003473
73-75, TILLINGHAST ST.,3036,18,no,07-24-2013,40.7190509,-74.20969109
63, TILLINGHAST ST.,3036,24,no,08-27-2013,40.71893664,-74.20921942
55, TILLINGHAST ST.,3036,28,no,07-24-2013,40.71885332,-74.20887643
58, TILLINGHAST ST.,3037,31,no,08-27-2013,40.71845873,-74.20915048
32, CLINTON PL.,3040,4,no,07-16-2013,40.72177386,-74.21004084
12, WHITE TERR.,3041,101,no,10-25-2013,40.72024618,-74.21183427
22-24, LESLIE ST.,3042,12,no,11-04-2013,40.72213804,-74.21321257
15-17, HOMESTEAD PARK,3044,75,yes,02-24-2014,40.7198413,-74.21151961
37, HOMESTEAD PARK,3044,8,yes,04-21-2014,40.72010966,-74.21238232
41, HOMESTEAD PARK,3044,7,no,08-27-2013,40.72018448,-74.21253834
25-27, HOMESTEAD PARK,3044,11,no,04-21-2014,40.71998293,-74.2119258
58, HOMESTEAD PARK,3044.02,32,no,08-27-2013,40.71973578,-74.21291358
21-23, BRAGAW AVE.,3047,19,no,07-17-2013,40.71547737,-74.21366157
279, CLINTON PL.,3048,19,no,07-16-2013,40.71401628,-74.21408116
37, ALDINE ST.,3048.01,15,yes,06-27-2013,40.71469026,-74.21454548
47, ALDINE ST.,3048.01,20,yes,03-20-2014,40.71443313,-74.21479947
53, ALDINE ST.,3048.01,23,yes,03-20-2014,40.71425617,-74.21496503
16, WILLOUGHBY ST.,3048.01,35,no,03-11-2014,40.71503676,-74.21464909
79, ALDINE ST.,3051,2,yes,03-20-2014,40.71333454,-74.21583531
64, WILLOUGHBY ST.,3051,53,no,07-26-2013,40.71348808,-74.21613405
81, ALDINE ST.,3051,3,no,09-06-2013,40.71327288,-74.21589308
82, WILLOUGHBY ST.,3051,44,no,,40.71298478,-74.21660941
78, WILLOUGHBY ST.,3051,46,no,03-11-2014,40.71309628,-74.21650395
63, ALDINE ST.,3052,9,no,09-06-2013,40.71385515,-74.21534153
110-116, DEWEY ST.,3053.01,1,no,09-09-2013,40.71550994,-74.21626229
47-49, WILLOUGHBY ST.,3053.02,43,no,03-11-2014,40.71429543,-74.21627891
107, WILLOUGHBY ST.,3054,33,no,03-11-2014,40.71255939,-74.21767831
89, WILLOUGHBY ST.,3054,24,no,03-11-2014,40.71305983,-74.21720497
85-87, WILLOUGHBY ST.,3054,23,no,03-11-2014,40.71312937,-74.21713925
73, WILLOUGHBY ST.,3054,16,no,,40.71350552,-74.21678443
44, DEWEY ST.,3057,1,no,03-21-2014,40.71752111,-74.21415353
26, HOBSON ST.,3059,33,no,10-30-2013,40.71855887,-74.21440027
52, BLUM ST.,306,23,no,12-19-2011,40.73385095,-74.2022137
54, BLUM ST.,306,24,no,12-19-2011,40.7339184,-74.20223623
44, BLUM ST.,306,19,no,04-04-2014,40.7335856,-74.20212372
44, BLUM ST.,306,19,no,,40.7335856,-74.20212372
119, DEWEY ST.,3061,20,no,09-09-2013,40.71556876,-74.21671052
137, DEWEY ST.,3061,29,no,09-09-2013,40.7150755,-74.21717976
188, HOBSON ST.,3062,18,no,07-19-2013,40.71368321,-74.21896698
179, DEWEY ST.,3062,43,no,09-09-2013,40.71378397,-74.2184105
177, DEWEY ST.,3062,45,no,,40.71386174,-74.21833609
244-246, LESLIE ST.,3064,48,no,07-25-2013,40.71511578,-74.21873926
498-500, HAWTHORNE AVE.,3066,3,no,04-23-2014,40.71935081,-74.21473239
494-496, HAWTHORNE AVE.,3066,5,no,04-23-2014,40.71931413,-74.2145615
490, HAWTHORNE AVE.,3066,8,no,04-23-2014,40.71929033,-74.21433842
514, HAWTHORNE AVE.,3067,6,no,07-17-2013,40.71958525,-74.21536387
516-518, HAWTHORNE AVE.,3067,4,no,04-23-2014,40.71965774,-74.21551493
249, LESLIE ST.,3069.01,40,no,08-14-2013,40.71525936,-74.21923329
41, BLUM ST.,307.01,40,yes,04-04-2014,40.73341997,-74.20260833
39, BLUM ST.,307.01,39,no,04-04-2014,40.73335343,-74.20258577
112-114, SCHLEY ST.,3072,68,no,01-06-2014,40.71681527,-74.21935764
17-19, WAINWRIGHT ST.,3074,13,no,07-25-2013,40.71949594,-74.21638712
540, HAWTHORNE AVE.,3074,3,no,04-23-2014,40.72006452,-74.21635375
532-534, HAWTHORNE AVE.,3074,6,no,04-23-2014,40.71993404,-74.21608461
547, HAWTHORNE AVE.,3075,12,no,04-23-2014,40.72064713,-74.21634388
517-519, SOUTH TENTH ST.,308,16,yes,09-06-2013,40.73458302,-74.20304495
513-515, SOUTH TENTH ST.,308,14,no,09-06-2013,40.73472297,-74.20300681
503, SOUTH TENTH STREET,308,9,no,,40.73507878,-74.20286687
501, SOUTH TENTH STREET,308,64,no,,40.73516737,-74.20294167
497, SOUTH TENTH STREET,308,6,no,,40.73529106,-74.20279017
63-65, FABYAN PL.,3081,1,no,10-30-2013,40.72135718,-74.21696908
87, SCHLEY ST,3084,51,no,10-30-2013,40.71782069,-74.2190531
570, HAWTHORNE AVE.,3091,6,no,04-23-2014,40.72070716,-74.21767803
572, HAWTHORNE AVE.,3091,5,no,04-23-2014,40.72074651,-74.21775894
524, SOUTH THIRTEENTH ST,310.01,41,no,10-29-2013,40.73583254,-74.20500833
573, SOUTH ELEVENTH ST.,312,30.03,yes,10-29-2013,40.7338011,-74.20445922
577-579, SOUTH TENTH ST.,313,57,yes,10-29-2013,40.73259374,-74.20389723
583, SOUTH TENTH STREET,313,61,no,,40.73239326,-74.20384257
487-489, EIGHTEENTH AVE,314,16,no,01-06-2014,40.7317901,-74.20471331
635-637, SOUTH TWELFTH ST,316,14,no,,40.73164038,-74.20624193
411, SOUTH FOURTEENTH ST,318,11,no,09-18-2013,40.74113099,-74.20455491
411, SOUTH SIXTEENTH ST,320,10,no,09-19-2013,40.74193299,-74.20620129
452, SOUTH SEVENTEENTH ST,320,36,no,10-28-2013,40.74075041,-74.20703128
414, SOUTH SEVENTEENTH ST,320,55,no,,40.74200209,-74.20655164
424, SOUTH SEVENTEENTH ST,320,50,no,,40.74167246,-74.20667826
440, SOUTH SEVENTEENTH ST,320,42,no,,40.74114539,-74.20687997
435, SOUTH SEVENTEENTH ST,321,22,no,10-28-2013,40.74146697,-74.20735761
418, SOUTH EIGHTEENTH ST,321,57,no,09-18-2013,40.74220115,-74.20745061
408, SOUTH EIGHTEENTH ST,321,65,no,05-13-2014,40.742581,-74.2074278
435, SOUTH SEVENTEENTH ST,321,22,no,,40.74146697,-74.20735761
413-427, SOUTH SEVENTEENTH,321,69,no,,40.74192867,-74.20718034
449, SOUTH SEVENTEENTH ST,321,29,no,,40.74101208,-74.20753203
412, SOUTH EIGHTEENTH ST,321,60,no,05-13-2014,40.74239884,-74.20737481
432, SOUTH EIGHTEENTH ST,321,50,no,05-13-2014,40.74174001,-74.20762764
460-462, SOUTH EIGHTEENTH,321,38,no,05-13-2014,40.74078395,-74.20805038
413, SOUTH EIGHTEENTH ST,322,11,no,05-13-2014,40.74252177,-74.20792809
459, SOUTH EIGHTEENTH ST,322,35,no,05-13-2014,40.74100152,-74.20846569
463, SOUTH EIGHTEENTH ST,322,66,no,05-13-2014,40.74086576,-74.20851747
413, SOUTH EIGHTEENTH ST,322,11,no,,40.74252177,-74.20792809
439, SOUTH EIGHTEENTH ST,322,24,no,05-13-2014,40.74166531,-74.20825796
441, SOUTH EIGHTEENTH ST,322,25,no,05-13-2014,40.74159943,-74.20828334
459, SOUTH EIGHTEENTH ST,322,35,no,,40.74100152,-74.20846569
438, SOUTH NINETEENTH ST.,322,52,no,,40.74187546,-74.20855363
436, SOUTH NINETEENTH ST.,322,53,no,,40.74194133,-74.20852823
434, SOUTH NINETEENTH ST.,322,54,no,,40.74200703,-74.2085034
485-487, SOUTH EIGHTEENTH,325,16,no,,40.73994711,-74.20891834
473, SOUTH EIGHTEENTH ST,325,10,no,,40.74037223,-74.20875483
504, SOUTH NINETEENTH ST.,325,31,no,,40.73958625,-74.20943184
634, FIFTEENTH AVE,325,29,no,05-01-2014,40.73942498,-74.20960641
502, SOUTH EIGHTEENTH ST,326,29,no,04-28-2014,40.73926183,-74.20857966
496, SOUTH EIGHTEENTH ST,326,32,no,10-29-2013,40.73946997,-74.20849945
494, SOUTH EIGHTEENTH ST,326,33,no,10-29-2013,40.73952479,-74.20847812
494, SOUTH EIGHTEENTH ST,326,33,no,,40.73952479,-74.20847812
489, SOUTH SEVENTEENTH ST,326,56,no,,40.73951372,-74.20810668
491, SOUTH SEVENTEENTH ST,326,57,no,,40.73944788,-74.20813192
493, SOUTH SEVENTEENTH ST,326,58,no,,40.73938203,-74.20815716
496-, SOUTH EIGHTEENTH ST,326,47,no,,40.73942607,-74.20851609
473, SOUTH SIXTEENTH ST,327,12,no,11-08-2013,40.73974419,-74.20705681
479-481, SOUTH SIXTEENTH,327,17,no,11-07-2013,40.7394784,-74.2071417
465, SOUTH SIXTEENTH ST.,327,35,no,11-08-2013,40.73993547,-74.20696746
467, SOUTH SIXTEENTH ST,327,36,no,11-08-2013,40.73989154,-74.2069842
471, SOUTH SIXTEENTH ST,327,38,no,11-08-2013,40.73978548,-74.20693755
490-492-, SOUTH SEVENTEENT,327,43,no,,40.73929173,-74.2075885
449-453, SOUTH FIFTEENTH,328,11,no,05-07-2014,40.73965792,-74.20609717
474, SOUTH SIXTEENTH ST,328,38,no,11-08-2013,40.73952078,-74.20652566
439, SOUTH FIFTEENTH ST,328,5,no,,40.7400365,-74.20595179
584, FIFTEENTH AVENUE,328,28,no,05-01-2014,40.73882162,-74.20681631
472, SOUTH FIFTEENTH ST,329,31,no,05-07-2014,40.73886148,-74.2058014
466, SOUTH FIFTEENTH ST,329,34,no,11-08-2013,40.73906808,-74.20572217
456, SOUTH FIFTEENTH ST,329,39,no,05-07-2014,40.73940314,-74.20559355
459, SOUTH FOURTEENTH ST,329,48,no,11-14-2013,40.73937808,-74.20522766
290-292, FOURTEENTH AVE,329,3,no,,40.73978392,-74.20529693
478, SOUTH FOURTEENTH ST,330,32,no,11-14-2013,40.73865972,-74.20490108
476, SOUTH FOURTEENTH ST,330,33,no,11-14-2013,40.73872581,-74.20487677
474, SOUTH FOURTEENTH ST,330,34,no,11-14-2013,40.73879168,-74.20485032
460, SOUTH FOURTEENTH ST,330,41,no,11-14-2013,40.73925264,-74.20467396
456, SOUTH FOURTEENTH ST,330,43,no,11-14-2013,40.73938429,-74.20462351
476, SOUTH FOURTEENTH ST,330,33,no,,40.73872581,-74.20487677
518, SOUTH FOURTEENTH ST,331,37,no,11-08-2013,40.73718739,-74.2055609
512, SOUTH SIXTEENTH ST,333,55,no,11-07-2013,40.73806832,-74.20709839
508, SOUTH SIXTEENTH ST,333,53,no,,40.73821667,-74.20701987
513, SOUTH SIXTEENTH ST,334,23,no,11-07-2013,40.7382179,-74.20762782
593, FIFTEENTH AVENUE,334,28,no,05-01-2014,40.73855605,-74.20754349
599, FIFTEENTH AVENUE,334,31,no,05-01-2014,40.73862327,-74.20779951
593, FIFTEENTH AVENUE,334,28,no,,40.73855605,-74.20754349
530, SOUTH EIGHTEENTH ST,335,43,no,10-29-2013,40.73813677,-74.20900928
528, SOUTH EIGHTEENTH ST,335,44,no,10-29-2013,40.73821984,-74.2089774
550-552, SOUTH EIGHTEENTH,335,52,no,,40.73748077,-74.20930888
521-523, SOUTH SEVENTEENTH,335,14,no,,40.73822971,-74.20858352
532-534, SOUTH EIGHTEENTH,335,41,no,,40.73805654,-74.20904007
542, SOUTH EIGHTEENTH ST.,335,37,no,,40.73776774,-74.20915093
544, SOUTH EIGHTEENTH ST,335,36,no,,40.73770176,-74.20917627
550-552, SOUTH EIGHTEENTH,335,52,no,,40.73748077,-74.20930888
645-651, FIFTEENTH AVE.,337,1,no,07-16-2013,40.73928394,-74.21052435
540, SOUTH TWENTIETH ST,337,40,no,10-29-2013,40.73836482,-74.21087678
637-643, FIFTEENTH AVE.,337,5,no,07-16-2013,40.73920813,-74.21017756
514-516, SOUTH TWENTIETH,337,52,no,10-29-2013,40.73919681,-74.21055685
602, SOUTH NINETEENTH ST.,340,38,yes,10-29-2013,40.73594623,-74.21082457
589, SOUTH EIGHTEENTH ST,340,20,no,,40.73619887,-74.210352
603, SOUTH EIGHTEENTH ST,340,27,no,,40.73573309,-74.210528
596, SOUTH NINETEENTH ST,340,41,no,,40.73612932,-74.2107544
567-569, SOUTH SEVENTEENTH,341,11,no,,40.73657447,-74.20923248
581, SOUTH SEVENTEENTH ST,341,18,no,,40.73614376,-74.2093973
560, SOUTH EIGHTEENTH ST,341,2,no,,40.7370305,-74.20953418
602, SOUTH EIGHTEENTH ST,341,36,no,,40.73559799,-74.2099764
659, SOUTH SEVENTEENTH ST,350,29,no,07-23-2013,40.73340059,-74.21044885
650, SOUTH EIGHTEENTH ST,350,36,no,,40.73382841,-74.21066053
651, SOUTH EIGHTEENTH ST,351,24,no,,40.73397715,-74.21120343
639, SOUTH EIGHTEENTH ST,351,18,no,,40.73435429,-74.2110772
641-643, SOUTH EIGHTEENTH,351,20,no,,40.73425276,-74.21109695
649, SOUTH EIGHTEENTH ST,351,23,no,,40.73404277,-74.21117808
650, SOUTH NINETEENTH ST,351,39,no,,40.73418732,-74.21149821
646, SOUTH NINETEENTH ST.,351,41,no,,40.73431839,-74.21144758
636, SOUTH NINETEENTH ST.,351,46,no,,40.73464212,-74.21132452
647, SOUTH NINETEENTH ST.,352,21,no,,40.73438399,-74.21202543
645, SOUTH NINETEENTH ST,352,20,no,,40.73445638,-74.21199982
415-433, ELIZABETH AVE.,3553,16,no,07-12-2013,40.70974369,-74.1979986
280, JOHNSON AVE.,3554,13,no,09-03-2013,40.71231211,-74.19544435
617, EIGHTENTH AVENUE,356,1,no,,40.73335056,-74.21196145
689, SOUTH EIGHTEENTH ST,356,17,no,,40.73253214,-74.21175878
701, SOUTH EIGHTEENTH ST,356,23,no,,40.73213731,-74.21190958
705, SOUTH EIGHTEENTH ST,356,25,no,,40.73200584,-74.21196021
707, SOUTH EIGHTEENTH ST,356,26,no,,40.73194038,-74.2119829
674-676, SOUTH EIGHTEENTH,357,43,no,,40.73286613,-74.21102844
132-136, HAWTHORNE AVE.,3571,40,no,07-17-2013,40.71453742,-74.19967463
381-383, BADGER AVE.,3571,61,no,09-10-2013,40.71343144,-74.19989737
373, PESHINE AVE.,3580,17,no,11-06-2013,40.71430417,-74.20133196
362-364, CHADWICK AVE.,3592,9,yes,10-22-2013,40.71360234,-74.20447002
410, CHADWICK AVE.,3593,2,yes,10-22-2013,40.7121717,-74.20558483
406, CHADWICK AVE.,3593,4,no,10-22-2013,40.71228839,-74.20548968
408, CHADWICK AVE.,3593,3,no,08-14-2013,40.71223008,-74.20553725
373, CHADWICK AVE.,3594,48,yes,10-22-2013,40.71344524,-74.20518263
371, CHADWICK AVE.,3594,47,no,10-22-2013,40.7135026,-74.20513468
543-545, EIGHTEENTH AVENUE,360,49,no,,40.73253804,-74.20796833
10-12, NYE AVE.,3601,7,no,10-22-2013,40.71431213,-74.20604293
56-58, BOCK AVE.,3602,30,no,05-20-2014,40.71441692,-74.20804397
201, CUSTER AVE.,3603,55,yes,05-20-2014,40.71311277,-74.20762624
191, RENNER AVE.,3604,3,no,,40.71218206,-74.20732775
108, HUNTINGTON TERR.,3605,20,no,04-21-2014,40.71369619,-74.21005941
109, HUNTINGTON TER.,3607,10,no,04-21-2014,40.71395512,-74.2105031
63, HUNTINGTON TER.,3608,5,no,04-21-2014,40.71543108,-74.20933859
65, HUNTINGTON TER.,3608,6,no,04-21-2014,40.71535992,-74.20939405
67, HUNTINGTON TER.,3608,7,no,04-21-2014,40.71528878,-74.20944957
314-316, HAWTHORNE AVE.,3612,1,no,04-23-2014,40.71709318,-74.20686153
318, HAWTHORNE AVE.,3612,2,no,04-23-2014,40.71712647,-74.20698448
20, GOODWIN AVE.,3614,12,no,04-22-2014,40.71719281,-74.20943082
22, GOODWIN AVE.,3614,13,no,04-22-2014,40.71712187,-74.20948594
309, RENNER AVE.,3616,19,no,09-10-2013,40.71423272,-74.21188238
89, SCHUYLER AVE.,3616,4,no,11-07-2013,40.71473861,-74.2109281
15, GOODWIN AVE.,3617,25,no,09-09-2013,40.71747569,-74.20990834
87, GOODWIN AVE.,3620,12,no,09-09-2013,40.71522196,-74.21170958
17, WOLCOTT TERR.,3621,44,no,09-10-2013,40.71774347,-74.21134409
83-87, WOLCOTT TERRACE,3622,16,no,07-26-2013,40.71548947,-74.21264198
69-71, WOLCOTT TERR.,3622,19,no,03-11-2014,40.71594934,-74.21243258
142-144, GOODWIN AVE.,3624,26,no,09-09-2013,40.71326959,-74.21276089
140, GOODWIN AVE.,3624,28,no,09-09-2013,40.71334046,-74.21267645
286, RENNER AVE.,3625,2,no,03-10-2014,40.71343868,-74.21128791
131-133, HUNTINGTON TER,3625,9,no,04-21-2014,40.71312515,-74.21115825
232-244, SHEPHARD AVE,3626,28,yes,11-04-2013,40.71249111,-74.21241198
349-351, OSBORNE TERR.,3628,7,no,08-12-2013,40.71133507,-74.21149341
253-255, LYONS AVE.,3631,12,no,08-27-2013,40.71119955,-74.21542423
24-26, IRVING AVE.,3631,35,no,11-04-2013,40.71126261,-74.2149298
280-282, LEHIGH AVE.,3632,42,no,11-04-2013,40.71210667,-74.21492541
39, IRVING AVE.,3632,24,no,11-04-2013,40.71129933,-74.21407459
83-85, RENNER AVE.,3637,35,no,,40.71024095,-74.20297586
61-63, SCHEERER AVE.,3639,53,yes,02-11-2014,40.71007572,-74.20447209
22-24, SCHEERER AVE.,3640,24,no,09-05-2013,40.70900924,-74.20323126
66, MAPES AVE.,3643,34,no,11-06-2013,40.70854999,-74.20590224
715, SOUTH SEVENTEENTH,365,10,no,11-01-2013,40.73117309,-74.21130221
713, SOUTH SEVENTEENTH ST,365,9,no,11-01-2013,40.73123886,-74.21127685
724, SOUTH EIGHTEENTH ST,365,36,no,,40.73104552,-74.21172685
88, SCHEERER AVE,3656,7,yes,09-05-2013,40.71017388,-74.20583672
84, MAPES AVE.,3658,10,yes,11-06-2013,40.70890984,-74.20670698
80-82, MAPES AVE.,3658,11,yes,11-06-2013,40.70886441,-74.20660224
745, SOUTH EIGHTEENTH ST,366,23,no,,40.73050257,-74.21253626
1057-1059, BERGEN ST.,3660,11,no,,40.70813867,-74.20845412
33-35, HARDING TER.,3661,46,no,07-25-2013,40.70896844,-74.20939101
117, LEHIGH AVE.,3663,84,no,11-04-2013,40.70918127,-74.20802485
174, MAPES AVE.,3663,36,no,11-06-2013,40.71060358,-74.21048046
131, MAPES AVE.,3664,75,no,05-06-2014,40.71017892,-74.20840661
107-109, MAPES AVE.,3664,84,no,05-05-2014,40.70973816,-74.20742473
188-190, SHEPHARD AVE.,3664,39,no,05-06-2014,40.71134912,-74.21029538
196, SHEPHARD AVE.,3664,41,no,05-07-2014,40.71145337,-74.21052691
175, SHEPHARD AVE.,3665,71,no,11-06-2013,40.71142177,-74.2093231
110, SCHEERER AVE.,3665,9,no,09-05-2013,40.71057292,-74.20672726
193, SHEPHARD AVE.,3665,62,no,05-07-2014,40.71172573,-74.20999915
137-139, SHEPHARD AVE.,3665,86,no,05-02-2014,40.71073424,-74.20779754
149-151, SCHEERER AVE.,3666,84,yes,03-07-2014,40.71164316,-74.2079706
117-119, SCHEERER AVE.,3666,100,no,07-25-2013,40.71108314,-74.20673037
212, RENNER AVE.,3666,36,no,09-11-2013,40.71213034,-74.20833193
165, SCHEERER AVE.,3666,77,no,08-12-2013,40.71188891,-74.20851451
159-161, SCHEERER AVE.,3666,80,no,09-05-2013,40.71179237,-74.20830082
238-240, RENNER AVE.,3666,49,no,,40.71258708,-74.20933964
234-236, RENNER AVE.,3666,47,no,,40.71251698,-74.20918482
163, RENNER AVE.,3667,15,no,,40.71161419,-74.20607401
763, SOUTH NINETEENTH ST,367,30,no,09-30-2013,40.73022876,-74.21361672
765, SOUTH NINETEENTH ST,367,31,no,09-30-2013,40.73016287,-74.21364204
733, SOUTH NINETEENTH,367,16,no,,40.73117762,-74.21325382
763, SOUTH TWENTIETH ST,368,12,no,09-30-2013,40.73037949,-74.2145465
761, SOUTH TWENTIETH,368,13,no,09-30-2013,40.73044536,-74.21452126
1141, BERGEN ST.,3693,67,no,08-14-2013,40.70531615,-74.21113742
82-84, WEEQUAHIC AVE.,3695,28,no,08-27-2013,40.70679172,-74.20999842
127-129, WEEQUAHIC AVE.,3696,54,no,08-27-2013,40.70803261,-74.21130294
142-144, GOLDSMITH AVE.,3700,64,no,09-09-2013,40.70684367,-74.21342304
139-141, GRUMMAN AVE.,3705,16,no,,40.70459627,-74.21736756
139-141, GRUMMAN AVE.,3705,16,no,01-06-2014,40.70459627,-74.21736756
174-176, KEER AVE.,3708,67,no,07-19-2013,40.70564506,-74.21840261
231-233, GOLDSMITH AVE.,3712,29,no,09-09-2013,40.7090939,-74.21649954
209-211, POMONA AVE.,3713,36,no,07-22-2013,40.70950704,-74.21561211
262, POMONA AVE.,3717,11,no,11-06-2013,40.71024028,-74.2180003
270, GOLDSMITH AVE.,3719.04,17,no,09-09-2013,40.7095416,-74.21834972
278, GOLDSMITH AVE.,3719.04,20,no,08-14-2013,40.70969551,-74.21864459
277, WAINWRIGHT ST.,3733,41,no,08-27-2013,40.7117801,-74.22365886
261-263, WAINWRIGHT ST.,3733,34,no,08-27-2013,40.71221413,-74.22325966
220-222, WAINWRIGHT ST.,3734,94,no,02-24-2014,40.71316094,-74.22172775
371-373, LESLIE ST.,3734,39,no,07-19-2013,40.71155465,-74.222765
290, WAINWRIGHT ST.,3734,62,no,08-27-2013,40.71124252,-74.2234925
30-32, HANFORD ST.,3752,14,no,09-30-2013,40.69346222,-74.20308542
27-63, HAYNES AVE.,3791,15,no,07-24-2013,40.70077599,-74.19392126
14, SPEEDWAY AVE.,4004,9,no,10-02-2013,40.74408335,-74.21289217
48, COLUMBIA AVE.,4031,28,no,07-01-2013,40.74335533,-74.21919643
107, SOUTH MUNN AVE.,4032,3,no,06-28-2013,40.74155211,-74.21954941
162, COLUMBIA AVE.,4032,38,no,05-20-2014,40.73955188,-74.22074014
108, COLUMBIA AVE.,4032,65,no,05-20-2014,40.7412418,-74.22005439
102, COLUMBIA AVE,4032,68,no,05-20-2014,40.74145488,-74.21996829
170, COLUMBIA AVE.,4032.01,2,no,01-30-2014,40.73915384,-74.22090275
103, COLUMBIA AVE.,4033,6,no,05-20-2014,40.74157644,-74.22048485
99, COLUMBIA AVE.,4033,4,no,05-20-2014,40.74170732,-74.22043198
94, ISABELLA AVE.,4033,68,no,07-01-2013,40.74172276,-74.220803
164-166, ISABELLA AVE.,4033.01,51,no,07-01-2013,40.73920889,-74.22182459
77-79, COLUMBIA AVE.,4034,53,no,05-20-2014,40.74249287,-74.22011372
14-16, ISABELLA AVE.,4034,11,no,07-01-2013,40.74447584,-74.21968519
68-70, ISABELLA AVE.,4034,38,no,07-01-2013,40.74268882,-74.22041167
31-33, COLUMBIA AVENUE,4034,77,no,05-20-2014,40.744054,-74.21947958
60, ISABELLA AVE.,4034,34,no,07-24-2013,40.74296736,-74.2202983
11-13, ISABELLA AVE.,4035,80,no,07-01-2013,40.74467419,-74.22012384
15, ISABELLA AVE R,4035,82,no,07-01-2013,40.74463541,-74.22036439
40, VERMONT AVE.,4035,24,no,07-02-2013,40.74363995,-74.22096885
22, VERMONT AVE.,4035,15,no,07-02-2013,40.74421855,-74.22073375
20, VERMONT AVE.,4035,14,no,10-03-2013,40.74428791,-74.22070595
60, VERMONT AVE.,4035,34,no,10-03-2013,40.7429736,-74.22123965
62, VERMONT AVE.,4035,35,no,04-01-2014,40.74290808,-74.22126628
94, VERMONT AVE.,4036,66,no,07-02-2013,40.74174492,-74.22173754
115, ISABELLA AVE,4036,16,no,07-24-2013,40.74116955,-74.22159412
129, ISABELLA AVE.,4036,23,no,07-24-2013,40.74070623,-74.22178368
196, VERMONT AVE.,4036.01,33,no,07-02-2013,40.73845149,-74.22307443
159-161, ISABELLA AVE.,4036.01,1,no,07-24-2013,40.7395505,-74.22225277
188, VERMONT AVE.,4036.01,36,no,10-03-2013,40.73870324,-74.22297285
11, VERMONT AVE.,4037,36,no,07-02-2013,40.74469391,-74.2210581
10, WEST END AVE.,4037,10,no,07-02-2013,40.74452839,-74.22155592
40, WEST END AVE.,4038,8,no,07-02-2013,40.74373575,-74.22215975
64, WEST END AVE.,4039,3,no,07-02-2013,40.74302919,-74.22274042
2-4, RICORD ST.,4039,20,no,09-06-2013,40.74283592,-74.2217205
151, VERMONT AVE.,4041,71,no,07-02-2013,40.74000789,-74.22301041
52-54, CAROLINA AVE.,4041,32,no,07-02-2013,40.74023293,-74.22397088
90, CAROLINA AVE.,4041.01,9,no,07-16-2013,40.7389907,-74.22483381
108, WEST END AVE.,4042,8,no,07-02-2013,40.74160676,-74.22390523
124-126, WEST END AVE.,4042,14,no,10-04-2013,40.7411141,-74.22430036
180, WEST END AVE.,4043,3,no,10-04-2013,40.73950784,-74.22558895
187-189, VERMONT AVE.,4046,16,no,07-02-2013,40.73881209,-74.22349613
220-222, SUNSET AVE.,4050,43,no,03-27-2014,40.73845303,-74.22863674
88-90, LINDSLEY AVE.,4050.01,8,no,09-04-2013,40.74015942,-74.22807823
233, WEST END AVE.,4051,47,no,07-08-2013,40.73813055,-74.2273584
223-225, WEST END AVE.,4051,52,no,10-04-2013,40.7383905,-74.22711073
33, WEST END AVE.,4052,16,no,07-02-2013,40.74405037,-74.22258186
63, WEST END AVE.,4052,31,no,07-02-2013,40.74317177,-74.22328637
65-67, WEST END AVE.,4052,32,no,07-02-2013,40.74308381,-74.22335695
81-83, WEST END AVE.,4052,40,no,07-02-2013,40.74261097,-74.22373617
52-54, PINE GROVE TERR.,4052,124,no,07-03-2013,40.74340076,-74.22345278
51-53, WEST END AVE.,4052,25,no,10-04-2013,40.74352371,-74.22300438
89-91, WEST END AVE.,4052,45,no,10-04-2013,40.74235256,-74.22394297
11-13, WEST END AVE.,4052,5,no,10-04-2013,40.74466327,-74.22209127
105, WEST END AVE.,4052,52,no,10-04-2013,40.74193103,-74.22428251
59, PINE GROVE TERR.,4053,29,no,07-03-2013,40.74336531,-74.22397248
55-57, PINE GROVE TERR.,4053,28,no,07-03-2013,40.74345297,-74.22390246
47, PINE GROVE TERR.,4053,23,no,01-16-2014,40.74371713,-74.22369112
35-37, PINE GROVE TERR.,4053,18,no,07-03-2013,40.74406821,-74.22340868
103-105, PINE GROVE TER,4053,51,no,09-06-2013,40.74205045,-74.22502742
53, PINE GROVE TERR.,4053,26,no,,40.74354042,-74.22383208
86, ALEXANDER ST.,4057,46,no,07-02-2013,40.74264025,-74.22512412
30, ALEXANDER ST.,4057,19,no,03-20-2014,40.74425911,-74.22379002
26-28, ALEXANDER ST.,4057,17,no,03-20-2014,40.74434292,-74.22371604
144, ALEXANDER ST.,4058,27,no,03-20-2014,40.7409786,-74.22644533
94, ALEXANDER ST.,4058,3,no,09-05-2013,40.74241003,-74.22529542
139-141, ALEXANDER ST.,4059,26,no,03-20-2014,40.74130623,-74.2269799
132, SUNSET AVE.,4059,60,no,03-27-2014,40.74153899,-74.22721603
142-144, SUNSET AVE.,4059,55,no,03-28-2014,40.74123653,-74.22746353
12, SUNSET AVE.,4060,10,no,03-27-2014,40.7450431,-74.22439833
20, SUNSET AVE.,4060,14,no,03-27-2014,40.74480976,-74.22458609
13-15, ALEXANDER ST,4060,80,no,09-05-2013,40.74498821,-74.22401934
37, SUNSET AVE.,4061,127,no,03-27-2014,40.74456122,-74.22542374
51, SUNSET AVE.,4061,120,no,03-27-2014,40.74412523,-74.22577154
57, SUNSET AVE.,4061,117,no,03-27-2014,40.74395052,-74.22591156
93, SUNSET AVE.,4061,99,no,03-27-2014,40.74289032,-74.22676374
68-70, BOYLAN ST.,4061,38,no,05-20-2014,40.74367643,-74.22655413
69, SUNSET AVE.,4061,111,no,10-02-2013,40.74359618,-74.22620291
27-29, SUNSET AVE.,4061,131,no,10-02-2013,40.74477008,-74.22525421
23-25, SUNSET AVE.,4061,133,no,10-02-2013,40.74488687,-74.22516032
21, SUNSET AVE.,4061,135,no,10-02-2013,40.74500348,-74.2250665
127, SUNSET AVE.,4061.01,82,no,03-27-2014,40.7419192,-74.2275468
143, SUNSET AVE.,4061.01,74,no,10-02-2013,40.74143168,-74.22794179
107-109, SUNSET AVE.,4061.01,91,no,10-02-2013,40.74242681,-74.22713841
55-57, BOYLAN ST.,4063,105,no,05-20-2014,40.74417792,-74.22677026
73, BOYLAN ST.,4063,97,no,07-08-2013,40.74369888,-74.22717333
59, BOYLAN ST.,4063,102,no,05-20-2014,40.74408948,-74.22685538
110, BROOKDALE AVE.,4063.01,68,no,04-04-2014,40.74250976,-74.22803092
108, BROOKDALE AVE.,4063.01,67,no,04-04-2014,40.74258048,-74.22800487
109, BROOKDALE AVE.,4064,66,no,04-04-2014,40.74262336,-74.22854961
103, BROOKDALE AVE.,4064,69,no,04-04-2014,40.74281955,-74.22847575
96, NORWOOD ST.,4064,3,no,07-08-2013,40.74296201,-74.22879547
102, NORWOOD ST.,4064,6,no,07-08-2013,40.7427646,-74.22887135
110, NORWOOD ST.,4064,10,no,07-08-2013,40.74250155,-74.22897202
61-63, BROOKDALE AVE.,4065,63,no,04-04-2014,40.74413296,-74.22797224
41, BROOKDALE AVE.,4065,73,no,04-04-2014,40.74489004,-74.22768338
12, NORWOOD ST.,4065,9,no,07-08-2013,40.74587094,-74.22767173
22, NORWOOD ST.,4065,14,no,07-08-2013,40.74552724,-74.22781609
75, BROOKDALE AVE.,4065,57,no,07-16-2013,40.74373833,-74.22812307
39, BROOKDALE AVE.,4065,74,no,09-05-2013,40.74495617,-74.22765815
76, STUYVESANT AVE.,4066,43,no,11-15-2013,40.74382287,-74.22940757
125-127, NORWOOD ST.,4067,51,no,07-08-2013,40.74205121,-74.22968262
123-125, LINDSLEY AVE.,4067,38,no,09-04-2013,40.74101386,-74.2300084
116, STUYVESANT AVE.,4067,15,no,10-02-2013,40.74232837,-74.22995998
118-122, STUYVESANT AVE,4067,18,no,10-02-2013,40.74221281,-74.23000538
156-158, BROOKDALE AVE.,4070,9,no,04-04-2014,40.74092777,-74.22863336
158, ALEXANDER ST.,4072,10,no,09-05-2013,40.74059308,-74.22687982
69-71, VALLEY ST.,4073.01,17,no,07-10-2013,40.73873382,-74.23006753
225-227, SUNSET AVE.,4075.01,25,no,03-27-2014,40.73843635,-74.22920693
219, SUNSET AVENUE,4075.01,32,no,03-27-2014,40.73864928,-74.22912526
91, MEAD ST.,4103,23,no,07-09-2013,40.73987657,-74.23279085
630, SANDFORD AVE.,4103,2,no,03-20-2014,40.74010519,-74.23427177
22-24, SILVER ST.,4108,3,no,07-09-2013,40.74263007,-74.23123393
40-42, SILVER ST.,4109,3,no,07-09-2013,40.74299652,-74.23201503
46, SALEM ST.,4114,28,no,,40.74482688,-74.22978551
40, SALEM ST.,4114,25,no,,40.74501945,-74.22976862
20, SALEM ST.,4114,15,no,,40.74571736,-74.22966151
42-44, SALEM ST.,4114,27,no,01-15-2014,40.7449243,-74.22977713
48-50, SALEM ST.,4114,30,no,01-15-2014,40.74471266,-74.22980396
198-200, SMITH ST.,4115,21,no,07-09-2013,40.74513089,-74.23061393
202, SMITH ST.,4115,22,no,07-09-2013,40.74504391,-74.23062108
216, SMITH ST.,4115,29,no,07-09-2013,40.74453177,-74.23073518
51-53, SALEM ST.,4115,35,no,09-06-2013,40.74467456,-74.2303754
35, SALEM ST.,4115,43,no,09-06-2013,40.74518968,-74.23024572
25, SALEM ST.,4115,48,no,,40.74553881,-74.23021673
25, SALEM ST.,4115,48,no,01-15-2014,40.74553881,-74.23021673
23, SALEM ST.,4115,49,no,01-15-2014,40.74560862,-74.23021156
10, FORTUNA ST,4120,38,no,07-09-2013,40.74417404,-74.23276076
623-625, SANDFORD AVE.,4124,7,no,09-06-2013,40.74063158,-74.23461829
122, OAKLAND TERR.,4125,14,no,09-06-2013,40.74136039,-74.23692742
124-126, OAKLAND TERR.,4125,16,no,09-06-2013,40.74126978,-74.23700926
96-98, OAKLAND TERR.,4125,1,no,07-10-2013,40.74209757,-74.23624694
345-347, ELLERY AVE.,4128,70,no,07-09-2013,40.73930641,-74.23811965
321, ELLERY AVE.,4128,58,no,07-09-2013,40.73849058,-74.23846253
318, NEW ST.,415,21.02,yes,10-25-2013,40.7444325,-74.18453178
82, POE AVE.,4180,34,no,06-27-2013,40.74840989,-74.23349659
1141-1143, SOUTH ORANGE AV,4184,1,no,01-06-2014,40.74585848,-74.23628159
60, LANARK AVE.,4190,5,no,04-21-2014,40.75048999,-74.23384077
27-29, LANARK AVE.,4192,18,no,09-04-2013,40.7506626,-74.23214823
71-73, SMITH ST.,4199,29,no,,40.74946993,-74.22960759
104, PALM ST.,4199,128,no,09-06-2013,40.74982873,-74.22980205
94, SMITH ST.,4200,11,no,06-27-2013,40.74866873,-74.22947884
92, SMITH ST.,4200,10,no,06-28-2013,40.74874096,-74.2294399
52, SMITH ST.,4201,42,no,09-06-2013,40.74995513,-74.22875262
44-46, TELFORD ST.,4202,58,no,06-27-2013,40.74781534,-74.229363
78-80, TELFORD ST.,4202,75,no,06-27-2013,40.74892529,-74.2287742
55, HALSTED ST.,4202,12,no,09-04-2013,40.74841366,-74.22865775
46-48, HALSTED ST.,4204,16,no,06-27-2013,40.74798044,-74.22830624
36-38, HALSTED ST.,4204,21,no,06-27-2013,40.74769073,-74.2284593
51, MOUNTAIN VIEW AVE.,4205,12,no,09-05-2013,40.74694981,-74.22018268
26-28, GRAND AVE.,4206,29,no,06-28-2013,40.74588124,-74.22030924
38, GRAND AVE.,4206,35,no,06-28-2013,40.74623019,-74.22010158
38, CEDAR AVE.,4207,31,no,07-16-2013,40.74621736,-74.21899638
51-53, CEDAR AVE.,4209,10,no,07-16-2013,40.74683834,-74.21928715
45-47, CEDAR AVE.,4209,6,no,07-16-2013,40.74659884,-74.21943152
66-68, CEDAR AVE.,4214,25,no,07-16-2013,40.74708871,-74.21848288
52, CEDAR AVE.,4214,33,no,07-16-2013,40.74659197,-74.21877853
88, TREMONT AVE.,4214,4,no,10-03-2013,40.74822922,-74.21757734
97-99, GRAND AVE.,4216,42,no,06-28-2013,40.74823597,-74.21945897
83, TREMONT AVE.,4219,7,no,10-03-2013,40.74857072,-74.21716858
99-101, NORTH MUNN AVE.,4220,28,no,09-05-2013,40.74834526,-74.21634534
95, NORTH MUNN AVE.,4220,14,no,09-05-2013,40.74820122,-74.21641922
96-98, NORTH MUNN AVE.,4223,22,no,09-05-2013,40.74805524,-74.21591262
15, MIDLAND PL.,4262,5,yes,09-05-2013,40.74004948,-74.24191263
21, MIDLAND PL.,4262,7,yes,09-05-2013,40.73984356,-74.24201982
52, BURNET ST.,44,64,no,04-15-2014,40.74513808,-74.17386163
252, MT PLEASANT AVE.,444,51,no,08-27-2013,40.75313298,-74.16817429
250, MT PLEASANT AVE.,444,52,no,08-27-2013,40.75318287,-74.16816687
284, BROAD ST.,448,85,yes,10-17-2013,40.75212018,-74.1692431
294, BROAD ST.,448,75,no,10-17-2013,40.75178076,-74.16927511
281, BROAD ST.,449,6,no,10-17-2013,,
71, BROADWAY,449,64,no,10-30-2013,40.75257329,-74.17038104
18, MT. PROSPECT AVE.,472,26.04,no,08-23-2013,40.75199709,-74.17866783
16, M.L. KING BLVD.,483,84,yes,12-11-2013,40.75454639,-74.1722379
75, SUMMER AVE.,484,55,no,08-29-2013,40.75304619,-74.17323282
67, SUMMER AVE.,484,63,no,08-29-2013,40.75271452,-74.17325571
83, SUMMER AVE.,484,49,no,10-31-2013,40.7533713,-74.17320988
65, STONE ST.,485,6,no,10-17-2013,40.75365469,-74.17412585
88, SUMMER AVE.,485,57,no,10-31-2013,40.75363229,-74.17376257
119, SUMMER AVE.,486,20,yes,10-31-2013,40.754879,-74.17307424
99, SUMMER AVE.,486,37,no,10-31-2013,40.7540968,-74.17314879
91, STONE ST.,487,21,yes,08-06-2013,40.75468009,-74.17401545
87, STONE ST.,487,23,yes,10-17-2013,40.75451581,-74.17403341
87-, STONE ST.,487,29,no,10-17-2013,40.75455026,-74.17403043
91, CUTLER ST.,488,69,yes,12-11-2013,40.754409,-74.17482271
76, STONE ST.,488,21,no,10-17-2013,40.75412429,-74.17464254
89, CUTLER ST.,488,67,no,12-30-2013,40.75433854,-74.17486376
97, GARSIDE ST.,489,59,no,11-13-2013,40.75456623,-74.1756855
66, CUTLER ST.,489,32,no,08-28-2013,40.75364653,-74.17577622
86, CUTLER ST.,489,22.01,no,02-21-2014,40.75427139,-74.17545059
94, CUTLER ST.,489,18,no,12-30-2013,40.75453945,-74.17531047
77, MT. PROSPECT AVE.,490,42,yes,10-30-2013,40.75400889,-74.17698445
93-, MT. PROSPECT AVE.,490,74,yes,,40.75455341,-74.17670123
78, GARSIDE ST.,490,30,no,,40.75399329,-74.17660409
94, GARSIDE ST.,490,21,no,11-12-2013,40.75455824,-74.17630989
90-, GARSIDE ST.,490,67,no,,40.75443032,-74.17637684
49-, VICTORIA AVE.,490,38,no,,40.75376542,-74.17702895
138, PARKER ST.,507,25,yes,,40.75769068,-74.17876849
150, PARKER ST.,507,19,yes,08-06-2013,40.75809188,-74.17861427
164, PARKER ST.,507,12,yes,,40.75852197,-74.17833775
176-B, PARKER ST,507,68,yes,,40.75905588,-74.17806154
124, PARKER ST.,507,32,no,11-06-2013,40.75724826,-74.17903804
45, HIGHLAND AVE.,507,59,no,,40.7584634,-74.17875602
35-37, HIGHLAND AVE.,507,54,no,,40.75820001,-74.17892805
150, PARKER ST.,507,19,no,,40.75809188,-74.17861427
142, PARKER ST.,507,23,no,,40.75781808,-74.17870223
138, PARKER ST.,507,25,no,,40.75769068,-74.17876849
164, PARKER ST.,507,12,no,,40.75852197,-74.17833775
45, HIGHLAND AVE.,507,59,no,04-09-2014,40.7584634,-74.17875602
141, PARKER ST.,508,45,yes,08-28-2013,40.75763915,-74.17817787
169, PARKER ST.,508,63,no,08-28-2013,40.75877677,-74.17762269
152-154, RIDGE ST.,508,10,no,,40.75802,-74.17759078
171, PARKER ST.,508,64,no,,40.75883945,-74.17758514
151-153, PARKER ST.,508,52,no,,40.75807719,-74.17794933
141, PARKER ST.,508,45,no,,40.75763915,-74.17817787
137-139, PARKER ST.,508,44,no,,40.75755426,-74.17822221
146, MT. PROSPECT AVE.,510,26,no,04-07-2014,40.75657479,-74.17626877
144, MT. PROSPECT AVE.,510,27,no,04-07-2014,40.7564895,-74.17631287
144-, MT PROSPECT AVE.,510,68,no,04-07-2014,40.75653286,-74.17629044
153, MT. PROSPECT AVE.,511,38,yes,10-30-2013,40.75660122,-74.17563353
153-, MT. PROSPECT AVE.,511,39,no,10-30-2013,40.75664894,-74.17560853
155, MT. PROSPECT AVE.,511,40,no,10-30-2013,40.75669664,-74.17558354
157, MT. PROSPECT AVE.,511,41,no,10-30-2013,40.75675228,-74.1755544
135-137, MT. PROSPECT AVE.,511,29,no,08-23-2013,40.75609401,-74.17590441
144, GARSIDE ST.,511,19,no,11-12-2013,40.75639345,-74.17535383
139-139-, GARSIDE ST,512,36,yes,,40.75602178,-74.17490278
169, GARSIDE ST.,512,51,no,08-20-2013,40.75695425,-74.17450425
133-135, GARSIDE ST.,512,33,no,08-27-2013,40.75590481,-74.17497956
113-, BLOOMFIELD AVE.,518,58,no,08-28-2013,40.75724818,-74.17384349
115, BLOOMFIELD AVE.,518,49,no,08-28-2013,40.75728201,-74.17389045
187-, SUMMER AVE.,524,58,no,08-12-2013,40.75777423,-74.17201501
242-244, BROADWAY,526,26,no,08-27-2013,40.75895636,-74.16978327
233, GARSIDE ST.,527,5,yes,08-20-2013,40.75939031,-74.17279945
233-, GARSIDE ST.,527,42,yes,08-20-2013,40.75942021,-74.17277741
227, GARSIDE ST.,527,2,no,08-20-2013,40.75924844,-74.17291327
63, TAYLOR ST.,527,35,no,08-27-2013,40.75919585,-74.17258137
219, GARSIDE ST.,528,8,yes,02-26-2014,40.75893715,-74.17313449
204, SUMMER AVE.,528,19,no,08-29-2013,40.75859214,-74.17226653
215-, GARSIDE ST.,528,7,no,08-27-2013,40.75886145,-74.17319089
217, GARSIDE ST.,528,37,no,12-30-2013,40.75889705,-74.17316437
242, GARSIDE ST.,531,3,no,08-20-2013,40.75987979,-74.17309973
217, MT. PROSPECT AVE.,531,78,no,08-29-2013,40.75887491,-74.17433772
220, GARSIDE ST.,531,14,no,12-30-2013,40.7592233,-74.17358527
151-157, BLOOMFIELD AVE,532,23,no,08-27-2013,40.75888284,-74.17511683
195-205, BLOOMFIELD AVE,536,1,yes,,40.76067539,-74.17625908
177, PARKER ST.,537,28,no,08-29-2013,40.75902791,-74.17747178
131-133, HIGHLAND AVE..,538,62,yes,12-31-2013,40.76090577,-74.17750053
226, PARKER ST.,538,12,yes,08-28-2013,40.7607348,-74.17720044
194, PARKER ST.,538,28,no,08-28-2013,40.75969653,-74.17772776
95, HIGHLAND AVE.,538,47,no,,40.75992625,-74.17799575
127, HIGHLAND AVE.,538,71,no,04-09-2014,40.76076681,-74.17755722
222, PARKER ST.,538,14,no,08-28-2013,40.76058919,-74.1772606
103, HIGHLAND AVE.,538,51,no,04-09-2014,40.76019016,-74.17785767
138, HIGHLAND AVE.,540,69,yes,08-28-2013,40.7610402,-74.17803661
140, HIGHLAND AVE.,540,68,yes,08-28-2013,40.76108239,-74.1780139
104, HIGHLAND AVE.,540,86,no,04-09-2014,40.76035868,-74.17839197
122, HIGHLAND AVE.,540,77,no,04-09-2014,40.76071755,-74.17820485
120, HIGHLAND AVE.,540,78,no,08-28-2013,40.76067777,-74.17822558
146-148, SECOND AVE.,555,2,no,08-27-2013,40.76335414,-74.17572158
269-271, PARKER ST,556,49,no,01-06-2014,40.76237023,-74.17571175
312-314, MT. PROSPECT AVE.,558,6,no,08-29-2013,40.76221951,-74.17291637
259, GARSIDE ST.,560,75,yes,08-27-2013,40.76042561,-74.17203352
256, SUMMER AVE.,560,21,yes,08-29-2013,40.76063017,-74.17129536
288-, SUMER AVE.,560,71,yes,,40.76166231,-74.17067471
246, SUMMER AVE.,560,26,no,08-29-2013,40.7603066,-74.17145307
257-, GARSIDE ST.,560,74,no,08-20-2013,40.760386,-74.1720565
91-93, THIRD AVE. EAST,561,40,no,08-27-2013,40.75968349,-74.17033672
243, SUMMER AVE.,561,6,no,08-14-2013,40.76001433,-74.17084451
79, BROAD ST.,564,11,yes,10-17-2013,40.75979716,-74.16807999
79-, BROAD ST.,564,12,no,10-18-2012,40.75974871,-74.16810437
52, ORIENTAL ST.,565,47,no,08-27-2013,40.76010245,-74.1671888
46, ORIENTAL ST.,565,1,no,08-27-2013,40.76004015,-74.16701655
48, ORIENTAL ST.,565,49,no,08-27-2013,40.76005565,-74.16707654
12, ORIENTAL ST.,567,61,no,08-27-2013,40.75958608,-74.16518227
23, WAKEMAN AVE.,575,48,no,05-06-2014,40.76244706,-74.16837696
51, WAKEMAN AVE.,575,62,no,05-06-2014,40.76334049,-74.16793174
5, WAKEMAN AVE.,575,95,no,05-06-2014,40.76197941,-74.16865119
351, SUMMER AVE.,576,62,yes,08-29-2013,40.7636434,-74.16893052
309, SUMMER AVE.,576,41,no,08-29-2013,40.76232741,-74.16960422
311, SUMMER AVE.,576,42,no,08-29-2013,40.76239351,-74.16958068
333, SUMMER AVE.,576,53,no,08-29-2013,40.76309008,-74.16921023
325, SUMMER AVE.,576,49,no,08-29-2013,40.76283403,-74.1693332
310, SUMMER AVE.,577,12,yes,,40.76258661,-74.17027822
389-391, PARKER ST.,607,51,yes,08-29-2013,40.76653329,-74.17354188
394-396, SUMMER AVE.,611,6,no,08-29-2013,40.76528641,-74.